,Player,Player ID,Assoc,Gender,Birth year,Activity,Playing hand,Playing style,Grip,Playing_hand_numeric,Playing_style_numeric,Grip_numeric,Style_commonness,Win Rate
0,MA Long,105649,CHN,Male,1988.0,Active,Right-handed,Attacker,Shakehand,0,0,0,0,87.16
1,CHUANG Chih-Yuan,101820,TPE,Male,1981.0,Active,Right-handed,Attacker,Shakehand,0,0,0,0,64.38
2,BOLL Timo,101222,GER,Male,1981.0,Active,Left-handed,Attacker,Shakehand,1,0,0,1,78.06
3,OVTCHAROV Dimitrij,107028,GER,Male,1988.0,Active,Right-handed,Attacker,Shakehand,0,0,0,0,71.41
4,FENG Tianwei,102712,SGP,Female,1986.0,Active,Right-handed,Attacker,Shakehand,0,0,0,0,71.05
5,SAMSONOV Vladimir,108246,BLR,Male,1976.0,Active,Right-handed,Attacker,Shakehand,0,0,0,0,73.6
6,XU Xin,110267,CHN,Male,1990.0,Active,Left-handed,Attacker,Penhold,1,0,1,1,85.58
7,LIU Shiwen,105482,CHN,Female,1991.0,Active,Right-handed,Attacker,Shakehand,0,0,0,0,84.75
8,WANG Hao,109961,CHN,Male,1983.0,Active,Right-handed,Attacker,Penhold,0,0,1,1,83.87
9,FAN Zhendong,121404,CHN,Male,1997.0,Active,Right-handed,Attacker,Shakehand,0,0,0,0,87.65
10,ISHIKAWA Kasumi,110752,JPN,Female,1993.0,Active,Left-handed,Attacker,Shakehand,1,0,0,1,67.45
11,ASSAR Omar,100696,EGY,Male,1991.0,Active,Right-handed,Attacker,Shakehand,0,0,0,0,69.78
12,FREITAS Marcos,102841,POR,Male,1988.0,Active,Left-handed,Attacker,Shakehand,1,0,0,1,63.71
13,DING Ning,102265,CHN,Female,1990.0,Active,Left-handed,Attacker,Shakehand,1,0,0,1,84.62
14,MIZUTANI Jun,106195,JPN,Male,1989.0,Active,Left-handed,Attacker,Shakehand,1,0,0,1,68.98
15,MA Lin,105648,CHN,Male,1980.0,Active,Right-handed,Attacker,Penhold,0,0,1,1,83.47
16,POTA Georgina,107525,HUN,Female,1985.0,Active,Right-handed,Attacker,Shakehand,0,0,0,0,56.98
17,CHENG I-Ching,110797,TPE,Female,1992.0,Active,Right-handed,Attacker,Shakehand,0,0,0,0,58.58
18,SAMARA Elizabeta,108226,ROU,Female,1989.0,Active,Left-handed,Attacker,Shakehand,1,0,0,1,59.24
19,ARUNA Quadri,112092,NGR,Male,1988.0,Active,Right-handed,Attacker,Shakehand,0,0,0,0,68.55
20,GARDOS Robert,102968,AUT,Male,1979.0,Active,Right-handed,Attacker,Shakehand,0,0,0,0,56.7
21,OLAH Benedek,110726,FIN,Male,1991.0,Active,Right-handed,Attacker,Shakehand,0,0,0,0,65.49
22,FUKUHARA Ai,102876,JPN,Female,1988.0,Active,Right-handed,Attacker,Shakehand,0,0,0,0,64.39
23,CHEN Meng,112019,CHN,Female,1994.0,Active,Right-handed,Attacker,Shakehand,0,0,0,0,85.82
24,LI Xiaoxia,105350,CHN,Female,1988.0,Active,Right-handed,Attacker,Shakehand,0,0,0,0,83.76
25,PISTEJ Lubomir,107445,SVK,Male,1984.0,Active,Right-handed,Attacker,Shakehand,0,0,0,0,56.96
26,MADRID Marcos,105679,MEX,Male,1986.0,Active,Right-handed,Attacker,Shakehand,0,0,0,0,62.66
27,CALDERANO Hugo,115641,BRA,Male,1996.0,Active,Right-handed,Attacker,Shakehand,0,0,0,0,73.11
28,APOLONIA Tiago,100621,POR,Male,1986.0,Active,Right-handed,Attacker,Shakehand,0,0,0,0,58.45
29,WANG Liqin,109974,CHN,Male,1978.0,Active,Right-handed,Attacker,Shakehand,0,0,0,0,82.58
30,TIE Yana,109421,HKG,Female,1979.0,Active,Right-handed,Attacker,Shakehand,0,0,0,0,64.57
31,GAO Ning,102943,SGP,Male,1982.0,Active,Right-handed,Attacker,Shakehand,0,0,0,0,64.31
32,PAVLOVICH Viktoria,107221,BLR,Female,1978.0,Active,Right-handed,Defender,Shakehand,0,1,0,1,63.23
33,MESHREF Dina,111656,EGY,Female,1994.0,Active,Left-handed,Attacker,Shakehand,1,0,0,1,65.95
34,ITO Mima,117821,JPN,Female,2000.0,Active,Right-handed,Attacker,Shakehand,0,0,0,0,69.92
35,LIU Jia,105469,AUT,Female,1982.0,Active,Left-handed,Attacker,Shakehand,1,0,0,1,62.69
36,LIU Jia,137546,CHN,Male,1999.0,Active,Left-handed,Attacker,Penhold,1,0,1,1,62.69
37,ALAMIYAN Noshad,110673,IRI,Male,1991.0,Active,Left-handed,Attacker,Shakehand,1,0,0,1,63.98
38,GACINA Andrej,102891,CRO,Male,1986.0,Active,Right-handed,Attacker,Shakehand,0,0,0,0,56.14
39,BOBOCICA Mihai,101192,ITA,Male,1986.0,Active,Right-handed,Attacker,Shakehand,0,0,0,0,56.72
40,TSUBOI Gustavo,109581,BRA,Male,1985.0,Active,Left-handed,Attacker,Shakehand,1,0,0,1,62.5
41,NI Xia Lian,106706,LUX,Female,1963.0,Active,Left-handed,Attacker,Penhold,1,0,1,1,66.46
42,HABESOHN Daniel,103345,AUT,Male,1986.0,Active,Right-handed,Attacker,Shakehand,0,0,0,0,56.51
43,YU Mengyu,111628,SGP,Female,1989.0,Active,Right-handed,Attacker,Shakehand,0,0,0,0,61.03
44,ZHANG Mo,110560,CAN,Female,1989.0,Active,Right-handed,Attacker,Shakehand,0,0,0,0,65.98
45,GIONIS Panagiotis,103107,GRE,Male,1980.0,Active,Right-handed,Defender,Shakehand,0,1,0,1,62.77
46,HIRANO Sayaka,103610,JPN,Female,1985.0,Active,Right-handed,Attacker,Shakehand,0,0,0,0,62.0
47,DRINKHALL Paul,102380,ENG,Male,1990.0,Active,Right-handed,Attacker,Shakehand,0,0,0,0,57.36
48,MONTEIRO Thiago,106298,BRA,Male,1981.0,Active,Right-handed,Attacker,Shakehand,0,0,0,0,59.45
49,ZHANG Jike,110553,CHN,Male,1988.0,Active,Right-handed,Attacker,Shakehand,0,0,0,0,81.84
50,MINO Alberto,106151,ECU,Male,1990.0,Active,Right-handed,Attacker,Shakehand,0,0,0,0,63.24
51,PITCHFORD Liam,112442,ENG,Male,1993.0,Active,Right-handed,Attacker,Shakehand,0,0,0,0,60.81
52,GROTH Jonathan,112409,DEN,Male,1992.0,Active,Left-handed,Attacker,Shakehand,1,0,0,1,59.64
53,WONG Chun Ting,112620,HKG,Male,1991.0,Active,Right-handed,Attacker,Penhold,0,0,1,1,57.28
54,JEON Jihee,118994,KOR,Female,1992.0,Active,Left-handed,Attacker,Shakehand,1,0,0,1,63.89
55,KIM Kyungah,104599,KOR,Female,1977.0,Active,Right-handed,Defender,Shakehand,0,1,0,1,68.82
56,DIAZ Adriana,115009,PUR,Female,2000.0,Active,Right-handed,Attacker,Shakehand,0,0,0,0,68.43
57,SUN Yingsha,131163,CHN,Female,2000.0,Active,Right-handed,Attacker,Shakehand,0,0,0,0,87.72
58,BALAZOVA Barbora,100868,SVK,Female,1992.0,Active,Left-handed,Attacker,Shakehand,1,0,0,1,54.07
59,MIKHAILOVA Polina,106114,RUS,Female,1986.0,Active,Right-handed,Defender,Shakehand,0,1,0,1,59.47
60,VEGA Paulina,109777,CHI,Female,1984.0,Active,Right-handed,Attacker,Shakehand,0,0,0,0,57.03
61,KARLSSON Kristian,104379,SWE,Male,1991.0,Active,Left-handed,Attacker,Shakehand,1,0,0,1,56.84
62,HAYATA Hina,123672,JPN,Female,2000.0,Active,Left-handed,Attacker,Shakehand,1,0,0,1,72.07
63,JOO Saehyuk,104212,KOR,Male,1980.0,Active,Right-handed,Defender,Shakehand,0,1,0,1,67.45
64,FALCK Mattias,112074,SWE,Male,1991.0,Active,Right-handed,Attacker,Shakehand,0,0,0,0,60.42
65,MONTEIRO Joao,106296,POR,Male,1983.0,Active,Left-handed,Attacker,Shakehand,1,0,0,1,56.3
66,SILVA Yadira,113309,MEX,Female,1985.0,Active,Right-handed,Attacker,Shakehand,0,0,0,0,70.62
67,LI Jie,111772,NED,Female,1984.0,Active,Right-handed,Defender,Shakehand,0,1,0,1,64.4
68,RYU Seungmin,108098,KOR,Male,1982.0,Active,Right-handed,Attacker,Penhold,0,0,1,1,68.86
69,GAUZY Simon,112062,FRA,Male,1994.0,Active,Right-handed,Attacker,Shakehand,0,0,0,0,56.94
70,HUANG Yi-Hua,103752,TPE,Female,1984.0,Active,Right-handed,Attacker,Shakehand,0,0,0,0,51.55
71,MEDINA Paula,106007,COL,Female,1989.0,Active,Right-handed,Attacker,Shakehand,0,0,0,0,66.51
72,STEGER Bastian,108958,GER,Male,1981.0,Active,Right-handed,Attacker,Shakehand,0,0,0,0,61.84
73,SZOCS Bernadette,111012,ROU,Female,1995.0,Active,Right-handed,Attacker,Shakehand,0,0,0,0,58.79
74,HIRANO Miu,117820,JPN,Female,2000.0,Active,Right-handed,Attacker,Shakehand,0,0,0,0,64.22
75,MATSUMOTO Cazuo,105928,BRA,Male,1985.0,Active,Left-handed,Attacker,Penhold,1,0,1,1,63.53
76,TOKIC Bojan,109459,SLO,Male,1981.0,Active,Right-handed,Attacker,Shakehand,0,0,0,0,63.68
77,LEBESSON Emmanuel,105136,FRA,Male,1988.0,Active,Left-handed,Attacker,Shakehand,1,0,0,1,56.33
78,DE NUTTE Sarah,112280,LUX,Female,1992.0,Active,Right-handed,Attacker,Shakehand,0,0,0,0,49.55
79,FRANZISKA Patrick,102832,GER,Male,1992.0,Active,Right-handed,Attacker,Shakehand,0,0,0,0,62.5
80,NUYTINCK Cedric,106814,BEL,Male,1993.0,Active,Left-handed,Attacker,Shakehand,1,0,0,1,56.12
81,CHEN Szu-Yu,114105,TPE,Female,1993.0,Active,Right-handed,Attacker,Shakehand,0,0,0,0,55.47
82,ZHU Yuling,117332,CHN,Female,1995.0,Active,Right-handed,Attacker,Shakehand,0,0,0,0,80.59
83,ALTO Gaston,100486,ARG,Male,1985.0,Active,Right-handed,Attacker,Shakehand,0,0,0,0,59.48
84,CHEN Chien-An,101648,TPE,Male,1991.0,Active,Left-handed,Attacker,Shakehand,1,0,0,1,53.63
85,EKHOLM Matilda,102472,SWE,Female,1982.0,Active,Left-handed,Attacker,Shakehand,1,0,0,1,59.91
86,HARIMOTO Tomokazu,123980,JPN,Male,2003.0,Active,Right-handed,Attacker,Shakehand,0,0,0,0,69.21
87,DUDA Benedikt,116620,GER,Male,1994.0,Active,Left-handed,Attacker,Shakehand,1,0,0,1,63.98
88,PESOTSKA Margaryta,107321,UKR,Female,1991.0,Active,Right-handed,Attacker,Shakehand,0,0,0,0,60.91
89,IONESCU Ovidiu,103903,ROU,Male,1989.0,Active,Right-handed,Attacker,Shakehand,0,0,0,0,54.96
90,JORGIC Darko,118927,SLO,Male,1998.0,Active,Right-handed,Attacker,Shakehand,0,0,0,0,64.71
91,GERASSIMENKO Kirill,117890,KAZ,Male,1996.0,Active,Right-handed,Attacker,Shakehand,0,0,0,0,63.29
92,JIANG Huajun,104124,HKG,Female,1984.0,Active,Right-handed,Attacker,Shakehand,0,0,0,0,59.73
93,WANG Manyu,121411,CHN,Female,1999.0,Active,Right-handed,Attacker,Shakehand,0,0,0,0,83.65
94,JANG Woojin,114936,KOR,Male,1995.0,Active,Right-handed,Attacker,Shakehand,0,0,0,0,67.18
95,SKACHKOV Kirill,108742,RUS,Male,1987.0,Active,Right-handed,Attacker,Shakehand,0,0,0,0,57.43
96,ZHANG Lily,112221,USA,Female,1996.0,Active,Right-handed,Attacker,Shakehand,0,0,0,0,61.23
97,CHEN Weixing,101674,AUT,Male,1972.0,Active,Right-handed,Defender,Shakehand,0,1,0,1,61.72
98,OH Sangeun,106884,KOR,Male,1977.0,Active,Right-handed,Attacker,Shakehand,0,0,0,0,67.63
99,ROBLES Alvaro,111050,ESP,Male,1991.0,Active,Left-handed,Attacker,Shakehand,1,0,0,1,54.68
100,AGUIRRE Marcelo,111115,PAR,Male,1993.0,Active,Left-handed,Attacker,Shakehand,1,0,0,1,60.76
101,JANCARIK Lubomir,104036,CZE,Male,1987.0,Active,Right-handed,Attacker,Shakehand,0,0,0,0,56.39
102,XIAO Maria,111072,ESP,Female,1994.0,Active,Left-handed,Attacker,Shakehand,1,0,0,1,57.14
103,LEE Ho Ching,105159,HKG,Female,1992.0,Active,Right-handed,Attacker,Shakehand,0,0,0,0,53.13
104,SALEH Ahmed,100439,EGY,Male,1979.0,Active,Right-handed,Attacker,Shakehand,0,0,0,0,63.57
105,POLCANOVA Sofia,107477,AUT,Female,1994.0,Active,Left-handed,Attacker,Shakehand,1,0,0,1,61.12
106,DESAI Harmeet,111641,IND,Male,1993.0,Active,Right-handed,Attacker,Shakehand,0,0,0,0,54.61
107,WANG Chuqin,121558,CHN,Male,2000.0,Active,Left-handed,Attacker,Shakehand,1,0,0,1,82.45
108,LIANG Jingkun,119588,CHN,Male,1996.0,Active,Right-handed,Attacker,Shakehand,0,0,0,0,78.23
109,NIWA Koki,110729,JPN,Male,1994.0,Active,Left-handed,Attacker,Shakehand,1,0,0,1,58.19
110,JEOUNG Youngsik,104257,KOR,Male,1992.0,Active,Right-handed,Attacker,Shakehand,0,0,0,0,62.24
111,KEINATH Thomas,104462,SVK,Male,1977.0,Active,Right-handed,Attacker,Shakehand,0,0,0,0,58.23
112,HU Melek,113161,TUR,Female,1989.0,Active,Right-handed,Attacker,Shakehand,0,0,0,0,71.05
113,HAN Ying,118762,GER,Female,1983.0,Active,Right-handed,Defender,Shakehand,0,1,0,1,70.64
114,TAKAHASHI Bruna,121623,BRA,Female,2000.0,Active,Right-handed,Attacker,Shakehand,0,0,0,0,64.71
115,LI Jiao,105326,NED,Female,1973.0,Active,Left-handed,Attacker,Penhold,1,0,1,1,66.57
116,JIANG Tianyi,104128,HKG,Male,1988.0,Active,Left-handed,Attacker,Shakehand,1,0,0,1,58.19
117,FILUS Ruwen,102761,GER,Male,1988.0,Active,Right-handed,Defender,Shakehand,0,1,0,1,62.2
118,GERELL Par,103037,SWE,Male,1982.0,Active,Left-handed,Attacker,Shakehand,1,0,0,1,61.4
119,LIN Gaoyuan,115910,CHN,Male,1995.0,Active,Left-handed,Attacker,Shakehand,1,0,0,1,73.37
120,LIN Yun-Ju,121582,TPE,Male,2001.0,Active,Left-handed,Attacker,Shakehand,1,0,0,1,70.75
121,LUNDQVIST Jens,105609,SWE,Male,1979.0,Active,Right-handed,Attacker,Shakehand,0,0,0,0,57.28
122,SCHLAGER Werner,200003,AUT,Male,1972.9,Inactive,Right-handed,Attacker,Shakehand,0,0,0,0,65.19
123,GNANASEKARAN Sathiyan,103126,IND,Male,1993.0,Active,Right-handed,Attacker,Shakehand,0,0,0,0,57.07
124,PLATONOV Pavel,107456,BLR,Male,1983.0,Active,Right-handed,Attacker,Shakehand,0,0,0,0,52.36
125,WALTHER Ricardo,109946,GER,Male,1991.0,Active,Right-handed,Attacker,Shakehand,0,0,0,0,64.9
126,STOYANOV Niagol,109002,ITA,Male,1987.0,Active,Right-handed,Attacker,Shakehand,0,0,0,0,50.22
127,YANG Zi,110330,SGP,Male,1984.0,Active,Left-handed,Attacker,Shakehand,1,0,0,1,55.24
128,ZHMUDENKO Yaroslav,110602,UKR,Male,1988.0,Active,Right-handed,Attacker,Shakehand,0,0,0,0,54.98
129,MORET Rachel,111416,SUI,Female,1989.0,Active,Left-handed,Attacker,Shakehand,1,0,0,1,50.66
130,LI Qian,111882,POL,Female,1986.0,Active,Right-handed,Defender,Shakehand,0,1,0,1,68.14
131,DOO Hoi Kem,115543,HKG,Female,1996.0,Active,Right-handed,Attacker,Shakehand,0,0,0,0,56.34
132,CODINA Ana,111053,ARG,Female,1991.0,Active,Right-handed,Attacker,Shakehand,0,0,0,0,53.88
133,BOROS Tamara,101253,CRO,Female,1977.0,Active,Right-handed,Attacker,Shakehand,0,0,0,0,60.32
134,KARAKASEVIC Aleksandar,104359,SRB,Male,1975.0,Active,Left-handed,Attacker,Shakehand,1,0,0,1,56.47
135,WINTER Sabine,111066,GER,Female,1992.0,Active,Right-handed,Attacker,Shakehand,0,0,0,0,58.21
136,DVORAK Galia,102427,ESP,Female,1988.0,Active,Right-handed,Attacker,Shakehand,0,0,0,0,53.43
137,OLIVARES Felipe,106913,CHI,Male,1992.0,Active,Left-handed,Attacker,Shakehand,1,0,0,1,58.03
138,AFANADOR Brian,115000,PUR,Male,1997.0,Active,Right-handed,Attacker,Shakehand,0,0,0,0,57.18
139,MATSUDAIRA Kenta,105926,JPN,Male,1991.0,Active,Right-handed,Attacker,Shakehand,0,0,0,0,56.92
140,CRISAN Adrian,101979,ROU,Male,1980.0,Active,Right-handed,Attacker,Shakehand,0,0,0,0,60.11
141,KALLBERG Anton,116853,SWE,Male,1997.0,Active,Right-handed,Attacker,Shakehand,0,0,0,0,63.77
142,KOMWONG Nanthana,104793,THA,Female,1980.0,Active,Right-handed,Attacker,Shakehand,0,0,0,0,57.63
143,MACHADO Carlos,105666,ESP,Male,1980.0,Active,Right-handed,Attacker,Shakehand,0,0,0,0,58.87
144,BATRA Manika,115920,IND,Female,1995.0,Active,Right-handed,Attacker,Shakehand,0,0,0,0,56.44
145,SATO Hitomi,122261,JPN,Female,1997.0,Active,Right-handed,Defender,Shakehand,0,1,0,1,66.77
146,MATELOVA Hana,105913,CZE,Female,1990.0,Active,Right-handed,Attacker,Shakehand,0,0,0,0,52.04
147,MENGEL Steffen,106050,GER,Male,1988.0,Active,Right-handed,Attacker,Shakehand,0,0,0,0,61.36
148,PARTYKA Natalia,107177,POL,Female,1989.0,Active,Left-handed,Attacker,Shakehand,1,0,0,1,52.05
149,VACENOVSKA Iveta,109680,CZE,Female,1986.0,Active,Right-handed,Attacker,Shakehand,0,0,0,0,56.58
150,ANTHONY Amalraj,100001,IND,Male,1986.0,Active,Right-handed,Attacker,Shakehand,0,0,0,0,57.41
151,SAIVE Jean-Michel,108170,BEL,Male,1969.0,Active,Right-handed,Attacker,Shakehand,0,0,0,0,59.17
152,KOU Lei,113165,UKR,Male,1987.0,Active,Right-handed,Attacker,Shakehand,0,0,0,0,59.66
153,WANG Yidi,124110,CHN,Female,1997.0,Active,Right-handed,Attacker,Shakehand,0,0,0,0,78.31
154,FEGERL Stefan,102697,AUT,Male,1988.0,Active,Right-handed,Attacker,Shakehand,0,0,0,0,56.23
155,ALAMIAN Nima,112035,IRI,Male,1992.0,Active,Right-handed,Attacker,Shakehand,0,0,0,0,58.45
156,KONECNY Tomas,104795,CZE,Male,1985.0,Active,Right-handed,Attacker,Shakehand,0,0,0,0,57.85
157,LIVENTSOV Alexey,105497,RUS,Male,1981.0,Active,Right-handed,Attacker,Shakehand,0,0,0,0,58.66
158,SALIFOU Abdel-Kader,108204,FRA,Male,1989.0,Active,Right-handed,Attacker,Shakehand,0,0,0,0,58.87
159,WU Jiaduo,110213,GER,Female,1977.0,Active,Right-handed,Attacker,Shakehand,0,0,0,0,59.04
160,YOSHIMURA Maharu,117113,JPN,Male,1993.0,Active,Right-handed,Attacker,Shakehand,0,0,0,0,66.35
161,KUZMIN Fedor,104983,RUS,Male,1983.0,Active,Right-handed,Attacker,Shakehand,0,0,0,0,54.74
162,QIU Dang,114715,GER,Male,1996.0,Active,Right-handed,Attacker,Penhold,0,0,1,1,62.84
163,GORAK Daniel,103202,POL,Male,1983.0,Active,Right-handed,Attacker,Shakehand,0,0,0,0,54.21
164,NOSKOVA Yana,106788,RUS,Female,1994.0,Active,Right-handed,Attacker,Shakehand,0,0,0,0,55.23
165,LANG Kristin,108658,GER,Female,1985.0,Active,Right-handed,Attacker,Shakehand,0,0,0,0,57.06
166,SHIBATA Saki,123848,JPN,Female,1997.0,Active,Right-handed,Attacker,Shakehand,0,0,0,0,72.28
167,DIDUKH Oleksandr,102242,UKR,Male,1982.0,Active,Right-handed,Attacker,Shakehand,0,0,0,0,60.29
168,SMIRNOV Alexey,108780,RUS,Male,1977.0,Active,Right-handed,Attacker,Shakehand,0,0,0,0,56.47
169,TANG Peng,109253,HKG,Male,1981.0,Active,Right-handed,Attacker,Shakehand,0,0,0,0,58.33
170,EERLAND Britt,113701,NED,Female,1994.0,Active,Right-handed,Attacker,Shakehand,0,0,0,0,56.23
171,PUCAR Tomislav,116532,CRO,Male,1996.0,Active,Right-handed,Attacker,Shakehand,0,0,0,0,55.31
172,CIFUENTES Horacio,119316,ARG,Male,1998.0,Active,Right-handed,Attacker,Shakehand,0,0,0,0,64.86
173,HASHIMOTO Honoka,133000,JPN,Female,1998.0,Active,Right-handed,Defender,Shakehand,0,1,0,1,72.76
174,PERSSON Jon,107312,SWE,Male,1986.0,Active,Right-handed,Attacker,Shakehand,0,0,0,0,60.84
175,SHIBAEV Alexander,108581,RUS,Male,1990.0,Active,Right-handed,Attacker,Shakehand,0,0,0,0,60.66
176,BRITO Eva,111517,DOM,Female,1995.0,Active,Right-handed,Attacker,Shakehand,0,0,0,0,60.48
177,GERALDO Joao,115396,POR,Male,1995.0,Active,Left-handed,Attacker,Shakehand,1,0,0,1,56.78
178,WANG Yang,112735,SVK,Male,1994.0,Active,Right-handed,Defender,Shakehand,0,1,0,1,59.88
179,PASKAUSKIENE Ruta,101376,LTU,Female,1977.0,Active,Right-handed,Attacker,Shakehand,0,0,0,0,66.11
180,ERDELJI Anamaria,102567,SRB,Female,1985.0,Active,Right-handed,Defender,Shakehand,0,1,0,1,62.3
181,WANG Zengyi,110002,POL,Male,1983.0,Active,Right-handed,Attacker,Penhold,0,0,1,1,60.25
182,SAWETTABUT Suthasini,111833,THA,Female,1994.0,Active,Right-handed,Attacker,Shakehand,0,0,0,0,53.06
183,CHEN Qi,101668,CHN,Male,1984.0,Active,Left-handed,Attacker,Shakehand,1,0,0,1,75.4
184,EDEM Offiong,102445,NGR,Female,1986.0,Active,Right-handed,Attacker,Shakehand,0,0,0,0,59.19
185,RAMIREZ Sara,107698,ESP,Female,1987.0,Active,Right-handed,Attacker,Shakehand,0,0,0,0,55.39
186,KATO Miyu,117822,JPN,Female,1999.0,Active,Right-handed,Attacker,Shakehand,0,0,0,0,64.63
187,CHEN Xingtong,121403,CHN,Female,1997.0,Active,Right-handed,Attacker,Shakehand,0,0,0,0,73.93
188,GHOSH Soumyajit,103070,IND,Male,1993.0,Active,Right-handed,Attacker,Shakehand,0,0,0,0,61.64
189,SHEN Yanfei,108569,ESP,Female,1979.0,Active,Left-handed,Attacker,Shakehand,1,0,0,1,66.67
190,BILENKO Tetyana,108875,UKR,Female,1983.0,Active,Right-handed,Defender,Shakehand,0,1,0,1,53.11
191,CHIANG Hung-Chieh,101711,TPE,Male,1989.0,Active,Right-handed,Attacker,Shakehand,0,0,0,0,54.36
192,BERGSTROM Linda,114905,SWE,Female,1995.0,Active,Right-handed,Defender,Shakehand,0,1,0,1,50.13
193,LOVAS Petra,105556,HUN,Female,1980.0,Active,Right-handed,Attacker,Shakehand,0,0,0,0,56.62
194,RUMGAY Gavin,108066,SCO,Male,1984.0,Active,Right-handed,Attacker,Shakehand,0,0,0,0,58.65
195,HENZELL William,103555,AUS,Male,1982.0,Active,Right-handed,Attacker,Shakehand,0,0,0,0,70.54
196,KISHIKAWA Seiya,104675,JPN,Male,1987.0,Active,Right-handed,Attacker,Shakehand,0,0,0,0,57.23
197,DYJAS Jakub,113931,POL,Male,1995.0,Active,Right-handed,Attacker,Shakehand,0,0,0,0,57.23
198,ISHIGAKI Yuka,103927,JPN,Female,1989.0,Active,Right-handed,Defender,Shakehand,0,1,0,1,62.85
199,PEREIRA Andy,107272,CUB,Male,1989.0,Active,Left-handed,Attacker,Shakehand,1,0,0,1,69.88
200,JOUTI Eric,113419,BRA,Male,1994.0,Active,Right-handed,Attacker,Shakehand,0,0,0,0,57.64
201,MITTELHAM Nina,114726,GER,Female,1996.0,Active,Right-handed,Attacker,Shakehand,0,0,0,0,61.99
202,ALLEGRO Martin,114848,BEL,Male,1996.0,Active,Left-handed,Attacker,Shakehand,1,0,0,1,53.24
203,JHA Kanak,116021,USA,Male,2000.0,Active,Right-handed,Attacker,Shakehand,0,0,0,0,60.94
204,LIAO Cheng-Ting,119565,TPE,Male,1996.0,Active,Right-handed,Attacker,Shakehand,0,0,0,0,58.2
205,BAUM Patrick,100982,GER,Male,1987.0,Active,Left-handed,Attacker,Shakehand,1,0,0,1,59.41
206,SZOCS Hunor,109140,ROU,Male,1992.0,Active,Right-handed,Attacker,Shakehand,0,0,0,0,51.87
207,GRUNDISCH Carole,103279,FRA,Female,1986.0,Active,Right-handed,Attacker,Shakehand,0,0,0,0,53.75
208,STRBIKOVA Renata,109010,CZE,Female,1979.0,Active,Right-handed,Attacker,Shakehand,0,0,0,0,55.76
209,DEVOS Robin,113317,BEL,Male,1994.0,Active,Left-handed,Attacker,Shakehand,1,0,0,1,49.31
210,DURAN Marc,102418,ESP,Male,1986.0,Active,Right-handed,Attacker,Shakehand,0,0,0,0,55.84
211,PAIKOV Mikhail,107071,RUS,Male,1989.0,Active,Left-handed,Attacker,Shakehand,1,0,0,1,57.84
212,PETO Zsolt,107324,SRB,Male,1987.0,Active,Left-handed,Attacker,Shakehand,1,0,0,1,54.15
213,MADARASZ Dora,111213,HUN,Female,1993.0,Active,Right-handed,Attacker,Shakehand,0,0,0,0,50.43
214,OIKAWA Mizuki,120850,JPN,Male,1997.0,Active,Right-handed,Attacker,Shakehand,0,0,0,0,64.0
215,CHENG Hsien-Tzu,114706,TPE,Female,1993.0,Active,Right-handed,Attacker,Shakehand,0,0,0,0,54.18
216,JAKAB Janos,104009,HUN,Male,1986.0,Active,Right-handed,Attacker,Shakehand,0,0,0,0,56.68
217,GOMEZ Gustavo,111683,CHI,Male,1994.0,Active,Right-handed,Attacker,Shakehand,0,0,0,0,53.54
218,VLASOV Grigory,109865,RUS,Male,1984.0,Active,Right-handed,Attacker,Shakehand,0,0,0,0,59.25
219,HO Kwan Kit,123690,HKG,Male,1997.0,Active,Left-handed,Attacker,Shakehand,1,0,0,1,55.1
220,SILVA Ligia,108675,BRA,Female,1981.0,Active,Right-handed,Attacker,Shakehand,0,0,0,0,63.94
221,TABACHNIK Pablo,109151,ARG,Male,1977.0,Active,Left-handed,Attacker,Shakehand,1,0,0,1,55.48
222,SOLJA Petrissa,111065,GER,Female,1994.0,Active,Left-handed,Attacker,Shakehand,1,0,0,1,60.35
223,LIM Jonghoon,117357,KOR,Male,1997.0,Active,Left-handed,Attacker,Shakehand,1,0,0,1,64.64
224,MORIZONO Masataka,112580,JPN,Male,1995.0,Active,Left-handed,Attacker,Shakehand,1,0,0,1,68.7
225,AKKUZU Can,116612,FRA,Male,1997.0,Active,Right-handed,Attacker,Shakehand,0,0,0,0,60.79
226,VIVARELLI Debora,110995,ITA,Female,1993.0,Active,Right-handed,Attacker,Shakehand,0,0,0,0,41.18
227,SHIN Yubin,123977,KOR,Female,2004.0,Active,Right-handed,Attacker,Shakehand,0,0,0,0,60.95
228,MOREGARD Truls,122044,SWE,Male,2002.0,Active,Right-handed,Attacker,Shakehand,0,0,0,0,66.4
229,SOLJA Amelie,108843,AUT,Female,1990.0,Active,Right-handed,Attacker,Shakehand,0,0,0,0,49.85
230,TODOROVIC Andrea,109453,SRB,Female,1992.0,Active,Right-handed,Attacker,Shakehand,0,0,0,0,49.4
231,LAMBIET Florent,114709,BEL,Male,1995.0,Active,Right-handed,Attacker,Shakehand,0,0,0,0,46.33
232,LIND Anders,115029,DEN,Male,1998.0,Active,Left-handed,Attacker,Shakehand,1,0,0,1,58.16
233,GOLOVANOV Stanislav,103159,BUL,Male,1988.0,Active,Right-handed,Attacker,Shakehand,0,0,0,0,50.31
234,PERGEL Szandra,107302,HUN,Female,1988.0,Active,Left-handed,Attacker,Shakehand,1,0,0,1,52.24
235,MAZE Michael,105966,DEN,Male,1981.0,Active,Left-handed,Attacker,Shakehand,1,0,0,1,60.0
236,GONZALEZ Daniel,111512,PUR,Male,1993.0,Active,Right-handed,Attacker,Shakehand,0,0,0,0,44.75
237,MATTENET Adrien,105937,FRA,Male,1987.0,Active,Right-handed,Attacker,Shakehand,0,0,0,0,57.3
238,SEREDA Peter,108480,SVK,Male,1984.0,Active,Right-handed,Attacker,Shakehand,0,0,0,0,56.69
239,SIBLEY Kelly,108642,ENG,Female,1988.0,Active,Right-handed,Attacker,Shakehand,0,0,0,0,56.69
240,SHETTY Sanil,108574,IND,Male,1989.0,Active,Left-handed,Attacker,Shakehand,1,0,0,1,52.29
241,TORIOLA Segun,109499,NGR,Male,1974.0,Active,Right-handed,Attacker,Shakehand,0,0,0,0,64.52
242,SIRUCEK Pavel,113243,CZE,Male,1992.0,Active,Right-handed,Attacker,Shakehand,0,0,0,0,57.35
243,AN Jaehyun,121514,KOR,Male,1999.0,Active,Right-handed,Attacker,Shakehand,0,0,0,0,60.69
244,LAY Jian Fang,105111,AUS,Female,1973.0,Active,Right-handed,Attacker,Penhold,0,0,1,1,66.39
245,IDOWU Saheed,114457,CGO,Male,1990.0,Active,Right-handed,Attacker,Shakehand,0,0,0,0,59.62
246,LAM Siu Hang,115546,HKG,Male,1996.0,Active,Right-handed,Attacker,Shakehand,0,0,0,0,53.56
247,BUROV Viacheslav,101400,RUS,Male,1985.0,Active,Right-handed,Attacker,Shakehand,0,0,0,0,62.55
248,PRIVALOVA Alexandra,107573,BLR,Female,1987.0,Active,Right-handed,Attacker,Shakehand,0,0,0,0,50.32
249,WU Yang,110226,CHN,Female,1992.0,Active,Right-handed,Defender,Shakehand,0,1,0,1,79.29
250,PRIMORAC Zoran,107567,CRO,Male,1969.0,Active,Right-handed,Attacker,Shakehand,0,0,0,0,58.43
251,YOSHIDA Kaii,110410,JPN,Male,1981.0,Active,Right-handed,Attacker,Penhold,0,0,1,1,65.0
252,GUI Lin,113420,BRA,Female,1993.0,Active,Right-handed,Attacker,Shakehand,0,0,0,0,63.16
253,MORI Sakura,119542,JPN,Female,1996.0,Active,Right-handed,Attacker,Shakehand,0,0,0,0,61.9
254,CHEUNG Yuk,101707,HKG,Male,1981.0,Active,Left-handed,Attacker,Shakehand,1,0,0,1,58.71
255,KUMARESAN Shamini,104946,IND,Female,1988.0,Active,Right-handed,Attacker,Shakehand,0,0,0,0,58.27
256,CAREY Charlotte,113587,WAL,Female,1996.0,Active,Left-handed,Attacker,Shakehand,1,0,0,1,49.36
257,ISHIY Vitor,117312,BRA,Male,1995.0,Active,Right-handed,Attacker,Shakehand,0,0,0,0,58.49
258,LOEUILLETTE Stephanie,112356,FRA,Female,1992.0,Active,Left-handed,Attacker,Shakehand,1,0,0,1,49.52
259,ALTINKAYA Sibel,112944,TUR,Female,1993.0,Active,Right-handed,Attacker,Shakehand,0,0,0,0,47.53
260,PICCOLIN Giorgia,115413,ITA,Female,1996.0,Active,Right-handed,Attacker,Shakehand,0,0,0,0,47.09
261,KORBEL Petr,104813,CZE,Male,1971.0,Active,Right-handed,Attacker,Shakehand,0,0,0,0,56.46
262,LI Qiangbing,105344,AUT,Female,1985.0,Active,Right-handed,Attacker,Shakehand,0,0,0,0,53.31
263,YIANGOU Marios,110768,CYP,Male,1991.0,Active,Right-handed,Attacker,Shakehand,0,0,0,0,62.7
264,OUAICHE Stephane,113685,FRA,Male,1993.0,Active,Left-handed,Attacker,Shakehand,1,0,0,1,67.56
265,LIN Ye,118786,SGP,Female,1996.0,Active,Right-handed,Attacker,Shakehand,0,0,0,0,58.69
266,HACHARD Antoine,112446,FRA,Male,1994.0,Active,Right-handed,Attacker,Shakehand,0,0,0,0,62.66
267,KREANGA Kalinikos,104892,GRE,Male,1972.0,Active,Right-handed,Attacker,Shakehand,0,0,0,0,57.03
268,LEUNG Chu Yan,105281,HKG,Male,1979.0,Active,Right-handed,Attacker,Penhold,0,0,1,1,56.82
269,SUSS Christian,109102,GER,Male,1985.0,Active,Right-handed,Attacker,Shakehand,0,0,0,0,60.73
270,TAKAKIWA Taku,109188,JPN,Male,1988.0,Active,Right-handed,Attacker,Shakehand,0,0,0,0,63.03
271,WU Chih-Chi,110209,TPE,Male,1986.0,Active,Right-handed,Attacker,Shakehand,0,0,0,0,52.82
272,MORIZONO Misaki,110753,JPN,Female,1992.0,Active,Right-handed,Attacker,Shakehand,0,0,0,0,60.73
273,AGBETOGLO Mawussi,100154,TOG,Male,1993.0,Active,Right-handed,Attacker,Shakehand,0,0,0,0,68.35
274,KOSIBA Daniel,104827,HUN,Male,1991.0,Active,Right-handed,Attacker,Shakehand,0,0,0,0,53.79
275,BOULOUSSA Mehdi,113679,FRA,Male,1995.0,Active,Right-handed,Attacker,Shakehand,0,0,0,0,55.6
276,WALKER Samuel,114718,ENG,Male,1995.0,Active,Right-handed,Attacker,Shakehand,0,0,0,0,52.1
277,ARGUELLES Camila,119109,ARG,Female,1990.0,Active,Left-handed,Attacker,Shakehand,1,0,0,1,47.3
278,GRZYBOWSKA-FRANC Katarzyna,103283,POL,Female,1989.0,Active,Right-handed,Attacker,Shakehand,0,0,0,0,49.5
279,MATSUDAIRA Kenji,111033,JPN,Male,1989.0,Active,Right-handed,Attacker,Shakehand,0,0,0,0,63.79
280,DRINKHALL Joanna,107172,ENG,Female,1987.0,Active,Right-handed,Defender,Shakehand,0,1,0,1,55.26
281,HUANG Sheng-Sheng,103756,TPE,Male,1987.0,Active,Left-handed,Attacker,Shakehand,1,0,0,1,58.17
282,LEE Jungwoo,105176,KOR,Male,1984.0,Active,Left-handed,Attacker,Penhold,1,0,1,1,65.18
283,FEJER-KONNERTH Zoltan,102702,GER,Male,1978.0,Active,Right-handed,Attacker,Shakehand,0,0,0,0,59.43
284,LEE Eunhee,105155,KOR,Female,1986.0,Active,Right-handed,Attacker,Shakehand,0,0,0,0,62.5
285,LEE I-Chen,105164,TPE,Female,1987.0,Active,Left-handed,Attacker,Shakehand,1,0,0,1,52.54
286,DOLGIKH Maria,110531,RUS,Female,1987.0,Active,Right-handed,Defender,Shakehand,0,1,0,1,59.67
287,LIU Hsing-Yin,113300,TPE,Female,1987.0,Active,Right-handed,Attacker,Shakehand,0,0,0,0,47.7
288,SZUDI Adam,114717,HUN,Male,1996.0,Active,Right-handed,Attacker,Shakehand,0,0,0,0,50.52
289,BAJOR Natalia,115454,POL,Female,1997.0,Active,Right-handed,Attacker,Shakehand,0,0,0,0,52.73
290,CHOI Hyojoo,131401,KOR,Female,1998.0,Active,Left-handed,Attacker,Shakehand,1,0,0,1,61.18
291,CANTERO Jesus,101480,ESP,Male,1982.0,Active,Right-handed,Attacker,Penhold,0,0,1,1,55.17
292,CHO Eonrae,101747,KOR,Male,1986.0,Active,Right-handed,Attacker,Shakehand,0,0,0,0,58.78
293,ROBINOT Quentin,112436,FRA,Male,1993.0,Active,Right-handed,Attacker,Shakehand,0,0,0,0,59.5
294,NAGASAKI Miyu,124591,JPN,Female,2002.0,Active,Left-handed,Attacker,Shakehand,1,0,0,1,66.67
295,LEE Eunhye,122052,KOR,Female,1995.0,Active,Right-handed,Attacker,Shakehand,0,0,0,0,61.37
296,IVANCAN Irene,103958,GER,Female,1983.0,Active,Right-handed,Defender,Shakehand,0,1,0,1,59.92
297,JEVTOVIC Marko,104115,SRB,Male,1987.0,Active,Right-handed,Attacker,Shakehand,0,0,0,0,51.26
298,ASCHWANDEN Rahel,113591,SUI,Female,1993.0,Active,Right-handed,Attacker,Shakehand,0,0,0,0,45.22
299,GALIC Alex,114085,SLO,Female,1994.0,Active,Right-handed,Attacker,Shakehand,0,0,0,0,55.69
300,PROKOPCOV Dmitrij,107578,CZE,Male,1980.0,Active,Right-handed,Attacker,Shakehand,0,0,0,0,57.32
301,BARTHEL Zhenqi,100947,GER,Female,1987.0,Active,Right-handed,Attacker,Shakehand,0,0,0,0,55.78
302,DAS Mouma,102079,IND,Female,1984.0,Active,Right-handed,Attacker,Shakehand,0,0,0,0,51.47
303,VOSTES Yannick,109901,BEL,Male,1985.0,Active,Right-handed,Attacker,Shakehand,0,0,0,0,50.54
304,ASSAR Khalid,111959,EGY,Male,1992.0,Active,Right-handed,Attacker,Shakehand,0,0,0,0,54.69
305,TOGAMI Shunsuke,133694,JPN,Male,2001.0,Active,Right-handed,Attacker,Shakehand,0,0,0,0,63.64
306,BAGGALEY Andrew,100817,ENG,Male,1983.0,Active,Right-handed,Attacker,Shakehand,0,0,0,0,59.66
307,CECHOVA Dana,103352,CZE,Female,1983.0,Active,Right-handed,Attacker,Shakehand,0,0,0,0,42.64
308,YAMADA Jessica,110286,BRA,Female,1989.0,Active,Right-handed,Attacker,Shakehand,0,0,0,0,51.87
309,KOZUL Deni,118851,SLO,Male,1997.0,Active,Right-handed,Attacker,Shakehand,0,0,0,0,51.87
310,PAPAGEORGIOU Konstantinos,107138,GRE,Male,1979.0,Active,Right-handed,Attacker,Shakehand,0,0,0,0,50.55
311,STUCKYTE Egle,109025,LTU,Female,1991.0,Active,Left-handed,Attacker,Shakehand,1,0,0,1,54.76
312,CHO Seungmin,119284,KOR,Male,1998.0,Active,Left-handed,Attacker,Shakehand,1,0,0,1,66.67
313,SANTOS Emil,108295,DOM,Male,1990.0,Active,Right-handed,Attacker,Shakehand,0,0,0,0,53.52
314,CAMPOS Jorge,112121,CUB,Male,1991.0,Active,Right-handed,Attacker,Shakehand,0,0,0,0,61.71
315,DIAZ Melanie,112463,PUR,Female,1996.0,Active,Right-handed,Attacker,Shakehand,0,0,0,0,45.07
316,FLORE Tristan,114355,FRA,Male,1995.0,Active,Right-handed,Attacker,Shakehand,0,0,0,0,59.83
317,HARIMOTO Miwa,136711,JPN,Female,2008.0,Active,Right-handed,Attacker,Shakehand,0,0,0,0,74.46
318,HE Zhiwen,103518,ESP,Male,1962.0,Active,Left-handed,Attacker,Penhold,1,0,1,1,62.39
319,ZARIF Audrey,116874,FRA,Female,1998.0,Active,Right-handed,Attacker,Shakehand,0,0,0,0,51.53
320,LEBRUN Felix,135977,FRA,Male,2006.0,Active,Right-handed,Attacker,Shakehand,0,0,0,0,75.42
321,BURGIS Matiss,101393,LAT,Male,1989.0,Active,Right-handed,Attacker,Shakehand,0,0,0,0,69.43
322,ELOI Damien,102537,FRA,Male,1969.0,Active,Right-handed,Attacker,Shakehand,0,0,0,0,57.51
323,NG Wing Nam,106660,HKG,Female,1992.0,Active,Right-handed,Attacker,Shakehand,0,0,0,0,53.82
324,WU Yue,110227,USA,Female,1990.0,Active,Right-handed,Attacker,Shakehand,0,0,0,0,60.09
325,ZHANG Rui,123112,CHN,Female,1997.0,Active,Right-handed,Attacker,Shakehand,0,0,0,0,56.78
326,FEHER Gabriela,102699,SRB,Female,1988.0,Active,Right-handed,Attacker,Shakehand,0,0,0,0,62.44
327,HAO Shuai,103434,CHN,Male,1983.0,Active,Left-handed,Attacker,Shakehand,1,0,0,1,75.57
328,KIHARA Miyuu,131036,JPN,Female,2004.0,Active,Right-handed,Attacker,Shakehand,0,0,0,0,64.56
329,KERTAI Rita,104484,HUN,Female,1978.0,Active,Left-handed,Attacker,Shakehand,1,0,0,1,54.1
330,OSHONAIKE Olufunke,106995,NGR,Female,1975.0,Active,Right-handed,Attacker,Shakehand,0,0,0,0,58.41
331,VOROBEVA Olga,111871,RUS,Female,1990.0,Active,Right-handed,Attacker,Shakehand,0,0,0,0,55.93
332,YAN An,113059,CHN,Male,1993.0,Active,Right-handed,Attacker,Shakehand,0,0,0,0,74.58
333,TREGLER Tomas,109546,CZE,Male,1990.0,Active,Right-handed,Attacker,Shakehand,0,0,0,0,60.09
334,JEONG Sangeun,111595,KOR,Male,1990.0,Active,Right-handed,Attacker,Shakehand,0,0,0,0,63.9
335,UDA Yukiya,122777,JPN,Male,2001.0,Active,Left-handed,Attacker,Shakehand,1,0,0,1,62.09
336,ODOROVA Eva,106864,SVK,Female,1979.0,Active,Right-handed,Attacker,Shakehand,0,0,0,0,58.56
337,STEFANSKA Kinga,108956,POL,Female,1980.0,Active,Right-handed,Attacker,Shakehand,0,0,0,0,52.42
338,TOSIC Roko,109510,CRO,Male,1979.0,Active,Left-handed,Attacker,Shakehand,1,0,0,1,54.62
339,KIM Minseok,111791,KOR,Male,1992.0,Active,Right-handed,Attacker,Shakehand,0,0,0,0,58.82
340,HO Tin-Tin,115430,ENG,Female,1998.0,Active,Right-handed,Attacker,Penhold,0,0,1,1,50.39
341,PARANANG Orawan,120972,THA,Female,1997.0,Active,Left-handed,Attacker,Shakehand,1,0,0,1,53.94
342,ODO Satsuki,133405,JPN,Female,2004.0,Active,Right-handed,Attacker,Shakehand,0,0,0,0,69.52
343,ANDERSSON Harald,112738,SWE,Male,1991.0,Active,Right-handed,Attacker,Shakehand,0,0,0,0,62.02
344,SEOK Hajung,113040,KOR,Female,1985.0,Active,Right-handed,Attacker,Shakehand,0,0,0,0,57.59
345,LAMADRID Juan,116424,CHI,Male,1996.0,Active,Right-handed,Attacker,Shakehand,0,0,0,0,53.09
346,LEE Zion,119285,KOR,Female,1996.0,Active,Right-handed,Attacker,Shakehand,0,0,0,0,53.53
347,SHING Yoshua,108602,VAN,Male,1993.0,Active,Right-handed,Attacker,Shakehand,0,0,0,0,63.05
348,KHEROUF Sami,104514,ALG,Male,1988.0,Active,Right-handed,Attacker,Shakehand,0,0,0,0,54.04
349,SHAHSAVARI Neda,108526,IRI,Female,1986.0,Active,Left-handed,Attacker,Shakehand,1,0,0,1,48.85
350,LORENTZ Romain,111020,FRA,Male,1993.0,Active,Right-handed,Attacker,Shakehand,0,0,0,0,56.19
351,SODERLUND Hampus,112075,SWE,Male,1994.0,Active,Right-handed,Attacker,Shakehand,0,0,0,0,54.27
352,LEVENKO Andreas,115449,AUT,Male,1998.0,Active,Right-handed,Attacker,Shakehand,0,0,0,0,49.22
353,ZHU Chengzhu,123505,HKG,Female,1997.0,Active,Right-handed,Attacker,Shakehand,0,0,0,0,54.74
354,LAKATOS Tamas,113329,HUN,Male,1995.0,Active,Right-handed,Attacker,Shakehand,0,0,0,0,49.8
355,DIACONU Adina,117463,ROU,Female,1999.0,Active,Right-handed,Attacker,Shakehand,0,0,0,0,57.53
356,KENJAEV Zokhid,112261,UZB,Male,1992.0,Active,Right-handed,Attacker,Shakehand,0,0,0,0,61.27
357,WEBER Lionel,115828,SUI,Male,1996.0,Active,Right-handed,Attacker,Shakehand,0,0,0,0,52.97
358,HE Zhuojia,119730,CHN,Female,1998.0,Active,Right-handed,Attacker,Shakehand,0,0,0,0,76.69
359,SMIRNOV Aleksandr,108779,EST,Male,1985.0,Active,Right-handed,Attacker,Shakehand,0,0,0,0,47.15
360,MAJOROS Bence,114860,HUN,Male,1997.0,Active,Right-handed,Attacker,Shakehand,0,0,0,0,52.54
361,POWELL David,111286,AUS,Male,1991.0,Active,Right-handed,Attacker,Shakehand,0,0,0,0,58.02
362,ENRIQUEZ Mabelyn,113878,GUA,Female,1995.0,Active,Right-handed,Attacker,Shakehand,0,0,0,0,53.25
363,ARLOUSKAYA Alina,114732,BLR,Female,1995.0,Active,Right-handed,Defender,Shakehand,0,1,0,1,54.42
364,GATICA Hector,102983,GUA,Male,1984.0,Active,Right-handed,Attacker,Shakehand,0,0,0,0,50.62
365,HIELSCHER Lars,103598,GER,Male,1979.0,Active,Right-handed,Attacker,Shakehand,0,0,0,0,61.0
366,LEGOUT Christophe,105222,FRA,Male,1973.0,Active,Left-handed,Attacker,Shakehand,1,0,0,1,54.26
367,SKOV Mie,108747,DEN,Female,1986.0,Active,Right-handed,Attacker,Shakehand,0,0,0,0,56.28
368,MUTTI Leonardo,111216,ITA,Male,1995.0,Active,Left-handed,Attacker,Shakehand,1,0,0,1,51.27
369,LIN Shidong,137237,CHN,Male,2005.0,Active,Right-handed,Attacker,Shakehand,0,0,0,0,80.13
370,KOLAREK Tomislav,104774,CRO,Male,1988.0,Active,Right-handed,Attacker,Shakehand,0,0,0,0,54.55
371,RAMIREZ Jose Miguel,107697,GUA,Male,1983.0,Active,Right-handed,Attacker,Shakehand,0,0,0,0,61.54
372,KUZMINA Elena,109556,RUS,Female,1989.0,Active,Right-handed,Attacker,Shakehand,0,0,0,0,55.3
373,UEDA Jin,110730,JPN,Male,1991.0,Active,Right-handed,Attacker,Shakehand,0,0,0,0,66.67
374,VANG Bora,114655,TUR,Male,1987.0,Active,Right-handed,Attacker,Shakehand,0,0,0,0,67.42
375,ORTEGA Daniela,117294,CHI,Female,1998.0,Active,Right-handed,Attacker,Shakehand,0,0,0,0,51.5
376,CHO Daeseong,123971,KOR,Male,2002.0,Active,Left-handed,Attacker,Shakehand,1,0,0,1,62.18
377,PERSSON Jorgen,200009,SWE,Male,1966.4,Inactive,Right-handed,Attacker,Shakehand,0,0,0,0,55.87
378,BROSSIER Benjamin,112445,FRA,Male,1994.0,Active,Right-handed,Attacker,Shakehand,0,0,0,0,56.4
379,ANGLES Enzo,113676,FRA,Male,1995.0,Active,Left-handed,Attacker,Shakehand,1,0,0,1,61.03
380,ROBINOT Alexandre,113689,FRA,Male,1995.0,Active,Right-handed,Attacker,Shakehand,0,0,0,0,58.33
381,MURAMATSU Yuto,115439,JPN,Male,1996.0,Active,Right-handed,Attacker,Shakehand,0,0,0,0,63.98
382,TOLIOU Aikaterini,115850,GRE,Female,1995.0,Active,Right-handed,Defender,Shakehand,0,1,0,1,51.07
383,CASSIN Alexandre,117003,FRA,Male,1998.0,Active,Right-handed,Attacker,Shakehand,0,0,0,0,59.5
384,OSHIMA Yuya,121752,JPN,Male,1994.0,Active,Right-handed,Attacker,Shakehand,0,0,0,0,66.11
385,TAN Wenling,109231,ITA,Female,1972.0,Active,Right-handed,Attacker,Shakehand,0,0,0,0,56.46
386,JIN Takuya,117336,JPN,Male,1993.0,Active,Right-handed,Attacker,Shakehand,0,0,0,0,67.43
387,WAN Yuan,118777,GER,Female,1997.0,Active,Right-handed,Attacker,Shakehand,0,0,0,0,52.68
388,ZIBRAT Jan,110615,SLO,Male,1992.0,Active,Left-handed,Attacker,Shakehand,1,0,0,1,51.09
389,ZHOU Qihao,119533,CHN,Male,1997.0,Active,Right-handed,Attacker,Shakehand,0,0,0,0,72.67
390,ROLLAND Jules,123300,FRA,Male,2000.0,Active,Right-handed,Attacker,Shakehand,0,0,0,0,60.94
391,DONADO Josue,102336,ESA,Male,1990.0,Active,Right-handed,Attacker,Shakehand,0,0,0,0,68.64
392,KOJIC Frane,104760,CRO,Male,1992.0,Active,Right-handed,Attacker,Shakehand,0,0,0,0,48.54
393,WAKAMIYA Misako,109928,JPN,Female,1989.0,Active,Left-handed,Attacker,Shakehand,1,0,0,1,59.18
394,ISMAILOV Sadi,118889,RUS,Male,1996.0,Active,Left-handed,Attacker,Shakehand,1,0,0,1,57.14
395,CHTCHETININE Evgueni,101809,BLR,Male,1970.0,Active,Right-handed,Defender,Shakehand,0,1,0,1,58.38
396,KATKOV Ivan,104423,UKR,Male,1984.0,Active,Right-handed,Attacker,Shakehand,0,0,0,0,55.56
397,JEGER Mateja,112453,CRO,Female,1995.0,Active,Right-handed,Attacker,Shakehand,0,0,0,0,48.12
398,PROKHOROVA Yulia,107576,RUS,Female,1987.0,Active,Right-handed,Attacker,Shakehand,0,0,0,0,54.55
399,THERIAULT Pierre-Luc,109388,CAN,Male,1993.0,Active,Left-handed,Attacker,Shakehand,1,0,0,1,52.05
400,VAINULA Vallot,109691,EST,Male,1978.0,Active,Right-handed,Attacker,Shakehand,0,0,0,0,59.69
401,UDRA Alfredas,111219,LTU,Male,1993.0,Active,Right-handed,Attacker,Shakehand,0,0,0,0,48.31
402,FILIMON Andrei,102757,ROU,Male,1977.0,Active,Right-handed,Attacker,Shakehand,0,0,0,0,54.59
403,MICHELY Gilles,106095,LUX,Male,1988.0,Active,Right-handed,Attacker,Shakehand,0,0,0,0,42.91
404,BEN ARI Omri,106948,ISR,Male,1989.0,Active,Right-handed,Attacker,Shakehand,0,0,0,0,46.67
405,MIKUTIS Tomas,113926,LTU,Male,1993.0,Active,Right-handed,Defender,Shakehand,0,1,0,1,53.08
406,KIM Song I,115781,PRK,Female,1994.0,Active,Right-handed,Defender,Shakehand,0,1,0,1,78.32
407,GONDERINGER Tessy,103175,LUX,Female,1993.0,Active,Right-handed,Attacker,Shakehand,0,0,0,0,44.05
408,MOLNAR Cornelia,109688,CRO,Female,1983.0,Inactive,Right-handed,Attacker,Shakehand,0,0,0,0,54.15
409,DUBKOVA Elena,102400,BLR,Female,1991.0,Active,Right-handed,Defender,Shakehand,0,1,0,1,55.28
410,LAKEEV Vasily,105032,RUS,Male,1984.0,Active,Right-handed,Attacker,Shakehand,0,0,0,0,62.5
411,AKULA Sreeja,122718,IND,Female,1998.0,Active,Right-handed,Attacker,Shakehand,0,0,0,0,53.92
412,KIM Donghyun,113336,KOR,Male,1994.0,Active,Right-handed,Attacker,Shakehand,0,0,0,0,57.67
413,ZHANG Sofia-Xuan,115402,ESP,Female,1999.0,Active,Left-handed,Attacker,Shakehand,1,0,0,1,45.61
414,BELROSE Ocean,101040,PYF,Male,1993.0,Active,Right-handed,Attacker,Shakehand,0,0,0,0,72.97
415,KIM Junghoon,104595,KOR,Male,1982.0,Active,Right-handed,Attacker,Shakehand,0,0,0,0,62.07
416,PATKAR Madhurika,107194,IND,Female,1987.0,Active,Right-handed,Attacker,Shakehand,0,0,0,0,46.15
417,KUKULKOVA Tatiana,121714,SVK,Female,2000.0,Active,Right-handed,Attacker,Shakehand,0,0,0,0,44.08
418,CHIANG Peng-Lung,200006,TPE,Male,1976.7,Inactive,Right-handed,Attacker,Penhold,1,0,0,1,58.47
419,YOSHIMURA Kazuhiro,123962,JPN,Male,1996.0,Active,Right-handed,Attacker,Shakehand,0,0,0,0,66.88
420,TANAKA Yuta,131375,JPN,Male,2000.0,Active,Right-handed,Attacker,Shakehand,0,0,0,0,63.69
421,SHINOZUKA Hiroto,134442,JPN,Male,2003.0,Active,Left-handed,Attacker,Shakehand,1,0,0,1,64.85
422,NOROOZI Afshin,106784,IRI,Male,1985.0,Active,Left-handed,Attacker,Shakehand,1,0,0,1,54.92
423,DURANSPAHIC Admir,114734,BIH,Male,1987.0,Active,Right-handed,Attacker,Shakehand,0,0,0,0,61.99
424,PARK Ganghyeon,116820,KOR,Male,1996.0,Active,Left-handed,Attacker,Shakehand,1,0,0,1,65.03
425,LI Yu-Jhun,124162,TPE,Female,1997.0,Active,Right-handed,Attacker,Shakehand,0,0,0,0,55.79
426,CIOTI Constantin,101851,ROU,Male,1983.0,Active,Right-handed,Attacker,Shakehand,0,0,0,0,54.12
427,JEAN Lauric,104087,BEL,Male,1992.0,Active,Right-handed,Attacker,Shakehand,0,0,0,0,47.95
428,QIAN Tianyi,119797,CHN,Female,2000.0,Active,Left-handed,Attacker,Shakehand,1,0,0,1,70.95
429,ARVIDSSON Simon,110888,SWE,Male,1990.0,Active,Left-handed,Attacker,Shakehand,1,0,0,1,61.9
430,SEO Hyundeok,111884,KOR,Male,1991.0,Active,Left-handed,Attacker,Shakehand,1,0,0,1,56.22
431,WANG Timothy,114281,USA,Male,1991.0,Active,Right-handed,Attacker,Shakehand,0,0,0,0,61.9
432,XIAN Yifang,102666,FRA,Female,1977.0,Active,Right-handed,Defender,Shakehand,0,1,0,1,63.98
433,GAVLAS Antonin,102994,CZE,Male,1985.0,Active,Left-handed,Attacker,Shakehand,1,0,0,1,47.89
434,YOSHIDA Masaki,110411,JPN,Male,1994.0,Active,Right-handed,Attacker,Shakehand,0,0,0,0,64.97
435,OMOTAYO Olajide,113563,NGR,Male,1995.0,Active,Right-handed,Attacker,Shakehand,0,0,0,0,52.85
436,ANDO Minami,123847,JPN,Female,1997.0,Active,Right-handed,Attacker,Shakehand,0,0,0,0,76.12
437,AL-ABBAD Abdulaziz,100234,KSA,Male,1982.0,Active,Right-handed,Attacker,Shakehand,0,0,0,0,52.6
438,HMAM Adam,103621,TUN,Male,1994.0,Active,Right-handed,Attacker,Shakehand,0,0,0,0,65.16
439,PARK Youngsook,107167,KOR,Female,1988.0,Active,Left-handed,Attacker,Shakehand,1,0,0,1,56.42
440,GASNIER Laura,112357,FRA,Female,1993.0,Active,Left-handed,Attacker,Shakehand,1,0,0,1,51.27
441,MAEDA Miyu,113617,JPN,Female,1996.0,Active,Left-handed,Attacker,Shakehand,1,0,0,1,59.41
442,VILLA Ricardo,118009,MEX,Male,1998.0,Active,Right-handed,Attacker,Shakehand,0,0,0,0,57.06
443,KUAI Man,135049,CHN,Female,2004.0,Active,Left-handed,Attacker,Shakehand,1,0,0,1,76.52
444,LANDRIEU Andrea,114856,FRA,Male,1996.0,Active,Right-handed,Attacker,Shakehand,0,0,0,0,57.47
445,SIPOS Rares,120224,ROU,Male,2000.0,Active,Right-handed,Attacker,Shakehand,0,0,0,0,54.05
446,MOSCOSO Heber,106366,GUA,Male,1987.0,Active,Right-handed,Attacker,Shakehand,0,0,0,0,45.83
447,TANVIRIYAVECHAKUL Padasak,115866,THA,Male,1996.0,Active,Left-handed,Attacker,Shakehand,1,0,0,1,52.11
448,KALLBERG Christina,118507,SWE,Female,2000.0,Active,Right-handed,Attacker,Shakehand,0,0,0,0,48.06
449,PLETEA Cristian,121042,ROU,Male,2000.0,Active,Right-handed,Attacker,Shakehand,0,0,0,0,54.7
450,XIANG Peng,135888,CHN,Male,2003.0,Active,Right-handed,Attacker,Shakehand,0,0,0,0,71.74
451,TAN Ruiwu,109234,CRO,Male,1983.0,Active,Left-handed,Attacker,Shakehand,1,0,0,1,55.06
452,FANG Bo,111606,CHN,Male,1992.0,Active,Right-handed,Attacker,Shakehand,0,0,0,0,73.13
453,ALKHADRAWI Ali,113376,KSA,Male,1997.0,Active,Left-handed,Attacker,Shakehand,1,0,0,1,50.78
454,ARVELO Gremlis,113516,VEN,Female,1996.0,Active,Right-handed,Attacker,Shakehand,0,0,0,0,58.33
455,FADEEVA Oxana,102636,RUS,Female,1975.0,Active,Right-handed,Attacker,Shakehand,0,0,0,0,56.07
456,FAJMUT Manca,102651,SLO,Female,1990.0,Active,Right-handed,Attacker,Shakehand,0,0,0,0,45.54
457,KIZUKURI Yuto,119794,JPN,Male,1999.0,Active,Left-handed,Attacker,Shakehand,1,0,0,1,62.58
458,LUPULESKU Izabela,120187,SRB,Female,1999.0,Active,Right-handed,Attacker,Shakehand,0,0,0,0,44.91
459,GILABERT Rodrigo,103093,ARG,Male,1991.0,Active,Right-handed,Attacker,Shakehand,0,0,0,0,55.17
460,VASYLIEVA Ievgeniia,111405,UKR,Female,1990.0,Active,Right-handed,Attacker,Shakehand,0,0,0,0,56.47
461,BRODD Viktor,112073,SWE,Male,1990.0,Active,Left-handed,Attacker,Shakehand,1,0,0,1,66.21
462,JARVIS Tom,121684,ENG,Male,1999.0,Active,Right-handed,Attacker,Shakehand,0,0,0,0,54.86
463,NAVAS Marco,106600,VEN,Male,1986.0,Active,Right-handed,Attacker,Shakehand,0,0,0,0,57.23
464,PENKAVOVA Katerina,107260,CZE,Female,1987.0,Active,Left-handed,Attacker,Shakehand,1,0,0,1,54.6
465,RANEFUR Elias,114410,SWE,Male,1996.0,Active,Right-handed,Attacker,Shakehand,0,0,0,0,52.78
466,LEBRUN Alexis,132992,FRA,Male,2003.0,Active,Right-handed,Attacker,Shakehand,0,0,0,0,63.33
467,HOWIESON Craig,103723,SCO,Male,1990.0,Active,Right-handed,Attacker,Shakehand,0,0,0,0,49.21
468,KRAVCHENKO Marina,104886,ISR,Female,1973.0,Active,Right-handed,Attacker,Shakehand,0,0,0,0,67.14
469,CIOBANU Irina,113711,ROU,Female,1995.0,Active,Right-handed,Attacker,Shakehand,0,0,0,0,61.04
470,HELMY Yousra,113908,EGY,Female,1995.0,Active,Right-handed,Attacker,Shakehand,0,0,0,0,48.7
471,POLANSKY Tomas,116798,CZE,Male,1998.0,Active,Right-handed,Attacker,Shakehand,0,0,0,0,48.96
472,GLOD Eric,117862,LUX,Male,1993.0,Active,Left-handed,Attacker,Shakehand,1,0,0,1,42.92
473,FAN Siqi,119529,CHN,Female,1998.0,Active,Right-handed,Attacker,Shakehand,0,0,0,0,79.66
474,KNIGHT Darius,104711,ENG,Male,1990.0,Active,Left-handed,Attacker,Shakehand,1,0,0,1,49.73
475,DEDERKO Zhenhua,109237,AUS,Female,1977.0,Active,Right-handed,Attacker,Shakehand,0,0,0,0,67.88
476,DIAW Ibrahima,113681,SEN,Male,1992.0,Active,Right-handed,Attacker,Shakehand,0,0,0,0,54.71
477,ORT Kilian,116530,GER,Male,1996.0,Active,Right-handed,Attacker,Shakehand,0,0,0,0,60.39
478,SGOUROPOULOS Ioannis,121693,GRE,Male,2000.0,Active,Right-handed,Attacker,Shakehand,0,0,0,0,56.02
479,AL-HASAN Ibrahem,100291,KUW,Male,1986.0,Active,Right-handed,Attacker,Shakehand,0,0,0,0,61.74
480,JENKINS Ryan,104102,WAL,Male,1978.0,Active,Right-handed,Attacker,Shakehand,0,0,0,0,63.89
481,HADZIAHMETOVIC Emina,113997,BIH,Female,1995.0,Active,Right-handed,Attacker,Shakehand,0,0,0,0,53.18
482,OOSTWOUDER Ewout,114063,NED,Male,1993.0,Active,Right-handed,Attacker,Shakehand,0,0,0,0,46.23
483,ZELJKO Filip,116680,CRO,Male,1996.0,Active,Right-handed,Attacker,Shakehand,0,0,0,0,47.67
484,MLADENOVIC Luka,120074,LUX,Male,1998.0,Active,Right-handed,Attacker,Shakehand,0,0,0,0,44.44
485,KIM Hyok Bong,104580,PRK,Male,1985.0,Active,Right-handed,Attacker,Shakehand,0,0,0,0,57.96
486,TIAN Yuan,109414,CRO,Female,1975.0,Active,Right-handed,Attacker,Shakehand,0,0,0,0,56.52
487,MORALES Judith,111346,CHI,Female,1993.0,Active,Right-handed,Attacker,Shakehand,0,0,0,0,44.39
488,LOGHRAIBI Lynda,117142,ALG,Female,1997.0,Active,Right-handed,Attacker,Shakehand,0,0,0,0,46.67
489,XUE Fei,121412,CHN,Male,1999.0,Active,Right-handed,Attacker,Penhold,0,0,1,1,67.91
490,DRAGOMAN Andreea,122428,ROU,Female,2000.0,Active,Right-handed,Attacker,Shakehand,0,0,0,0,56.88
491,FENG Yi-Hsin,122727,TPE,Male,2003.0,Active,Right-handed,Attacker,Shakehand,0,0,0,0,58.71
492,CORDERO Carelyn,111073,PUR,Female,1994.0,Active,Right-handed,Attacker,Shakehand,0,0,0,0,52.94
493,MORI Angela,111738,PER,Female,1993.0,Active,Right-handed,Attacker,Shakehand,0,0,0,0,44.33
494,HUNG Tzu-Hsiang,112600,TPE,Male,1994.0,Active,Right-handed,Attacker,Penhold,0,0,1,1,50.28
495,GUNDUZ Ibrahim,120168,TUR,Male,1997.0,Active,Left-handed,Attacker,Shakehand,1,0,0,1,41.67
496,JOVER Sebastien,104228,FRA,Male,1975.0,Inactive,Right-handed,Attacker,Shakehand,0,0,0,0,58.55
497,SAMBE Kohei,120313,JPN,Male,1997.0,Active,Right-handed,Attacker,Shakehand,0,0,0,0,64.03
498,ZHANG Rui,123112,CHN,Female,1997.0,Active,Right-handed,Attacker,Shakehand,0,0,0,0,75.42
499,CIOCIU Traian,101847,LUX,Male,1962.0,Active,Left-handed,Attacker,Shakehand,1,0,0,1,46.32
500,ESTRADA Andrea,102611,GUA,Female,1989.0,Active,Right-handed,Attacker,Shakehand,0,0,0,0,47.31
501,PATTANTYUS Adam,107196,HUN,Male,1978.0,Active,Right-handed,Defender,Shakehand,0,1,0,1,55.0
502,RECH DALDOSSO Marco,107762,ITA,Male,1992.0,Active,Right-handed,Attacker,Shakehand,0,0,0,0,41.9
503,RUANO Lady,108051,COL,Female,1981.0,Active,Right-handed,Attacker,Shakehand,0,0,0,0,57.14
504,SIKORSKA Magdalena,108657,POL,Female,1986.0,Active,Right-handed,Attacker,Shakehand,0,0,0,0,43.14
505,JONSSON Jennifer,114689,SWE,Female,1994.0,Active,Right-handed,Attacker,Shakehand,0,0,0,0,40.0
506,MUKHERJEE Sutirtha,117365,IND,Female,1995.0,Active,Right-handed,Attacker,Shakehand,0,0,0,0,52.69
507,BRATEYKO Solomiya,122348,UKR,Female,1999.0,Active,Left-handed,Attacker,Shakehand,1,0,0,1,48.09
508,XU Yingbin,131148,CHN,Male,2001.0,Active,Right-handed,Attacker,Shakehand,0,0,0,0,70.4
509,STERNBERG Kasper,108976,DEN,Male,1989.0,Active,Right-handed,Attacker,Shakehand,0,0,0,0,43.72
510,ZHOU Yu,118761,CHN,Male,1992.0,Active,Left-handed,Attacker,Shakehand,1,0,0,1,76.32
511,SURJAN Sabina,121074,SRB,Female,2000.0,Active,Left-handed,Attacker,Shakehand,1,0,0,1,51.18
512,CHUNG Rheann,101836,TTO,Female,1985.0,Active,Right-handed,Attacker,Shakehand,0,0,0,0,60.56
513,OBESLO Michal,106848,CZE,Male,1989.0,Active,Right-handed,Attacker,Shakehand,0,0,0,0,52.76
514,RABINOVICH Shimon,107641,ISR,Male,1979.0,Active,Left-handed,Attacker,Shakehand,1,0,0,1,64.66
515,WANG Chen,109954,USA,Female,1974.0,Active,Right-handed,Attacker,Shakehand,0,0,0,0,58.9
516,SHIOMI Maki,132095,JPN,Female,2000.0,Active,Right-handed,Attacker,Shakehand,0,0,0,0,58.11
517,BERRIOS Hector,101098,PUR,Male,1986.0,Active,Right-handed,Attacker,Shakehand,0,0,0,0,54.49
518,BARAVOK Katsiaryna,111144,BLR,Female,1995.0,Active,Left-handed,Attacker,Shakehand,1,0,0,1,40.28
519,PAVADE Prithika,131100,FRA,Female,2004.0,Active,Left-handed,Attacker,Shakehand,1,0,0,1,52.15
520,CHEN Yi,132132,CHN,Female,2004.0,Active,Right-handed,Attacker,Shakehand,0,0,0,0,76.58
521,FENG Xiaoquan,102713,AUT,Male,1987.0,Active,Left-handed,Attacker,Shakehand,1,0,0,1,48.28
522,TOWNSEND Kane,111287,AUS,Male,1993.0,Active,Left-handed,Attacker,Shakehand,1,0,0,1,61.76
523,RASMUSSEN Tobias,118671,DEN,Male,1996.0,Active,Left-handed,Attacker,Shakehand,1,0,0,1,45.9
524,MUKHERJEE Ayhika,119537,IND,Female,1997.0,Active,Right-handed,Attacker,Shakehand,0,0,0,0,50.3
525,TRIGOLOS Daria,121881,BLR,Female,1999.0,Active,Right-handed,Attacker,Shakehand,0,0,0,0,45.65
526,RASSENFOSSE Adrien,123659,BEL,Male,2003.0,Active,Right-handed,Attacker,Shakehand,0,0,0,0,54.19
527,MADURANGI Ishara,105681,SRI,Female,1990.0,Active,Right-handed,Attacker,Shakehand,0,0,0,0,46.11
528,MALOBABIC Ivana,105779,CRO,Female,1980.0,Active,Right-handed,Defender,Shakehand,0,1,0,1,54.25
529,NORDBERG Hampus,106777,SWE,Male,1987.0,Active,Right-handed,Attacker,Shakehand,0,0,0,0,68.03
530,TAPPER Melissa,109272,AUS,Female,1990.0,Active,Left-handed,Attacker,Shakehand,1,0,0,1,55.7
531,DAS Ankita,110686,IND,Female,1993.0,Active,Right-handed,Attacker,Shakehand,0,0,0,0,48.82
532,GALVEZ Samuel,111514,DOM,Male,1992.0,Active,Right-handed,Attacker,Shakehand,0,0,0,0,46.63
533,LIU Dingshuo,121408,CHN,Male,1998.0,Active,Left-handed,Attacker,Shakehand,1,0,0,1,74.77
534,PAOVIC Sandra,107134,CRO,Female,1983.0,Active,Right-handed,Attacker,Shakehand,0,0,0,0,55.78
535,ECSEKI Nandor,114716,HUN,Male,1996.0,Active,Left-handed,Attacker,Shakehand,1,0,0,1,43.85
536,TROMER Laurens,115392,NED,Male,1995.0,Active,Right-handed,Attacker,Shakehand,0,0,0,0,46.33
537,XU Haidong,133893,CHN,Male,2000.0,Active,Right-handed,Attacker,Penhold,0,0,1,1,68.33
538,PETER-PAUL Pradeeban,107326,CAN,Male,1977.0,Active,Right-handed,Attacker,Shakehand,0,0,0,0,50.94
539,SILVA Andre,108667,POR,Male,1989.0,Active,Right-handed,Attacker,Shakehand,0,0,0,0,62.31
540,MOYA Manuel,113433,CHI,Male,1993.0,Active,Left-handed,Attacker,Shakehand,1,0,0,1,54.36
541,MARCHETTI Nathalie,117009,BEL,Female,1996.0,Active,Right-handed,Attacker,Shakehand,0,0,0,0,39.51
542,FAZEKAS Peter,102691,HUN,Male,1981.0,Active,Right-handed,Attacker,Shakehand,0,0,0,0,58.82
543,FLORAS Robert,112417,POL,Male,1992.0,Active,Right-handed,Attacker,Shakehand,0,0,0,0,54.79
544,OBA Oba Kizito,113472,CIV,Male,1995.0,Active,Right-handed,Attacker,Shakehand,0,0,0,0,62.02
545,TASHIRO Saki,113592,JPN,Female,1991.0,Active,Right-handed,Attacker,Shakehand,0,0,0,0,56.34
546,BIKBAEVA Anna,113650,RUS,Female,1994.0,Active,Right-handed,Attacker,Shakehand,0,0,0,0,62.99
547,RI Myong Sun,113120,PRK,Female,1992.0,Active,Right-handed,Defender,Shakehand,0,1,0,1,66.95
548,TORANZOS Alejandro,113450,PAR,Male,1996.0,Active,Right-handed,Attacker,Shakehand,0,0,0,0,42.7
549,CHASSELIN Pauline,116921,FRA,Female,1997.0,Active,Right-handed,Attacker,Shakehand,0,0,0,0,47.59
550,WISUTMAYTHANGKOON Supanut,120947,THA,Male,1996.0,Active,Right-handed,Attacker,Shakehand,0,0,0,0,48.17
551,ZHAO Zihao,134380,CHN,Male,1997.0,Active,Right-handed,Attacker,Penhold,0,0,1,1,73.15
552,MANHANI Humberto,105801,BRA,Male,1989.0,Active,Left-handed,Attacker,Shakehand,1,0,0,1,62.9
553,MENGE Gencay,106049,TUR,Male,1989.0,Active,Right-handed,Attacker,Shakehand,0,0,0,0,36.28
554,RIOS Daniely,112462,PUR,Female,1996.0,Active,Right-handed,Attacker,Shakehand,0,0,0,0,45.09
555,RODRIGUEZ Diego,115142,PER,Male,1996.0,Active,Right-handed,Defender,Shakehand,0,1,0,1,54.93
556,MANTZ Chantal,116674,GER,Female,1996.0,Active,Right-handed,Attacker,Shakehand,0,0,0,0,52.0
557,CHRISTENSEN Stefanie,116863,DEN,Female,1993.0,Active,Right-handed,Attacker,Shakehand,0,0,0,0,40.21
558,SEYFRIED Joe,117002,FRA,Male,1998.0,Active,Right-handed,Attacker,Shakehand,0,0,0,0,48.75
559,FRANCO Carlos,118072,ESP,Male,1993.0,Active,Right-handed,Attacker,Shakehand,0,0,0,0,45.88
560,LOVET Idalys,121445,CUB,Female,1997.0,Active,Right-handed,Attacker,Shakehand,0,0,0,0,56.93
561,MENG Fanbo,123293,GER,Male,2000.0,Active,Left-handed,Attacker,Shakehand,1,0,0,1,56.12
562,AL-JADAI Naif,100302,KSA,Male,1984.0,Active,Right-handed,Attacker,Shakehand,0,0,0,0,52.03
563,IACOB Camelia,111151,ROU,Female,1992.0,Active,Right-handed,Defender,Shakehand,0,1,0,1,50.99
564,KONSBRUCK Danielle,111223,LUX,Female,1992.0,Active,Right-handed,Attacker,Shakehand,0,0,0,0,50.66
565,KIRICHENKO Anna,114429,FIN,Female,1997.0,Active,Right-handed,Attacker,Shakehand,0,0,0,0,34.68
566,KIM Minhyeok,116818,KOR,Male,1996.0,Active,Right-handed,Attacker,Shakehand,0,0,0,0,62.1
567,CORDERO Lucia,118028,GUA,Female,2001.0,Active,Right-handed,Attacker,Shakehand,0,0,0,0,56.2
568,TAILAKOVA Mariia,121706,RUS,Female,2001.0,Active,Right-handed,Attacker,Shakehand,0,0,0,0,58.33
569,GODA Hana,131335,EGY,Female,2007.0,Active,Right-handed,Attacker,Shakehand,0,0,0,0,62.1
570,HABESOHN Dominik,103346,AUT,Male,1988.0,Active,Right-handed,Attacker,Shakehand,0,0,0,0,52.05
571,ROSSKOPF Jorg,200010,GER,Male,1969.5,Inactive,Left-handed,Attacker,Shakehand,1,0,0,1,56.72
572,SIRISENA Rohan,108728,SRI,Male,1982.0,Active,Right-handed,Attacker,Shakehand,0,0,0,0,50.33
573,SOINE Samuli,108826,FIN,Male,1991.0,Active,Right-handed,Attacker,Shakehand,0,0,0,0,42.22
574,PATEL Danisha,112086,RSA,Female,1992.0,Active,Left-handed,Attacker,Shakehand,1,0,0,1,52.05
575,RAKOVAC Lea,113944,CRO,Female,1996.0,Active,Right-handed,Attacker,Shakehand,0,0,0,0,51.01
576,CHAN Kazuhiro,114455,JPN,Male,1985.0,Active,Left-handed,Attacker,Shakehand,1,0,0,1,60.8
577,GU Yuting,115760,CHN,Female,1995.0,Active,Left-handed,Attacker,Shakehand,1,0,0,1,73.08
578,PAK Sin Hyok,115927,PRK,Male,1993.0,Active,Left-handed,Attacker,Penhold,1,0,1,1,68.47
579,MISCHEK Karoline,118893,AUT,Female,1998.0,Active,Left-handed,Attacker,Shakehand,1,0,0,1,42.22
580,BARDET Lilian,122002,FRA,Male,2001.0,Active,Right-handed,Attacker,Shakehand,0,0,0,0,60.32
581,BOBILLIER Loic,101189,FRA,Male,1985.0,Active,Right-handed,Attacker,Shakehand,0,0,0,0,46.01
582,ECHAVARRIA Alexander,102443,COL,Male,1984.0,Active,Right-handed,Attacker,Shakehand,0,0,0,0,53.57
583,OVERMEYER Shane,107025,RSA,Male,1979.0,Active,Right-handed,Attacker,Shakehand,0,0,0,0,56.39
584,LEE Chia-Sheng,114123,TPE,Male,1995.0,Active,Left-handed,Attacker,Shakehand,1,0,0,1,47.17
585,NOVOTA Samuel,115019,SVK,Male,1992.0,Active,Right-handed,Attacker,Shakehand,0,0,0,0,44.38
586,DEGRAEF Margo,118774,BEL,Female,1998.0,Active,Right-handed,Attacker,Shakehand,0,0,0,0,39.89
587,REMBERT Bastien,122095,FRA,Male,2000.0,Active,Left-handed,Attacker,Shakehand,1,0,0,1,56.39
588,SHI Xunyao,123120,CHN,Female,2001.0,Active,Right-handed,Attacker,Shakehand,0,0,0,0,76.53
589,NG Pak Nam,131983,HKG,Male,1998.0,Active,Right-handed,Attacker,Shakehand,0,0,0,0,51.02
590,LI Chunli,105310,NZL,Female,1962.0,Active,Right-handed,Attacker,Penhold,0,0,1,1,69.16
591,RONNEBERG Espen,107996,NOR,Male,1989.0,Inactive,Left-handed,Attacker,Shakehand,1,0,0,1,45.4
592,HSING Ariel,111120,USA,Female,1995.0,Active,Right-handed,Attacker,Shakehand,0,0,0,0,62.18
593,GUSEVA Ekaterina,113653,RUS,Female,1996.0,Active,Right-handed,Attacker,Shakehand,0,0,0,0,53.62
594,KRASTEV Petyo,114005,BUL,Male,1992.0,Active,Right-handed,Attacker,Shakehand,0,0,0,0,40.88
595,MATSUDAIRA Shiho,117370,JPN,Female,1995.0,Active,Right-handed,Attacker,Shakehand,0,0,0,0,58.73
596,WANG Amy,119022,USA,Female,2002.0,Active,Right-handed,Attacker,Shakehand,0,0,0,0,60.66
597,BERGAND Filippa,120125,SWE,Female,1999.0,Active,Right-handed,Attacker,Shakehand,0,0,0,0,44.85
598,KIM Nayeong,133814,KOR,Female,2005.0,Active,Right-handed,Attacker,Shakehand,0,0,0,0,52.86
599,MIGOT Marie,116873,FRA,Female,1998.0,Active,Right-handed,Attacker,Shakehand,0,0,0,0,48.03
600,SERDAROGLU David,120300,AUT,Male,1995.0,Active,Left-handed,Attacker,Shakehand,1,0,0,1,36.32
601,KANG Dongsoo,120845,KOR,Male,1994.0,Active,Right-handed,Defender,Shakehand,0,1,0,1,59.35
602,ABIODUN Bode,100079,NGR,Male,1980.0,Active,Right-handed,Attacker,Shakehand,0,0,0,0,59.02
603,CHILA Patrick,101717,FRA,Male,1969.0,Active,Left-handed,Attacker,Shakehand,1,0,0,1,51.8
604,DIEZ Endika,102247,ESP,Male,1990.0,Active,Right-handed,Attacker,Shakehand,0,0,0,0,59.02
605,KONG Linghui,200002,CHN,Male,1975.1,Inactive,Right-handed,Attacker,Shakehand,0,0,0,0,75.0
606,VRABLIK Jiri,109904,CZE,Male,1983.0,Active,Right-handed,Attacker,Shakehand,0,0,0,0,59.5
607,MACHI Asuka,111826,JPN,Male,1994.0,Active,Right-handed,Attacker,Shakehand,0,0,0,0,62.61
608,CEKIC Irfan,113446,MNE,Male,1993.0,Active,Right-handed,Attacker,Shakehand,0,0,0,0,66.67
609,YOO Eunchong,114158,KOR,Female,1993.0,Active,Right-handed,Attacker,Shakehand,0,0,0,0,52.94
610,KAO Cheng-Jui,132824,TPE,Male,2004.0,Active,Right-handed,Attacker,Shakehand,0,0,0,0,53.33
611,KIM Jong,104589,PRK,Female,1989.0,Active,Left-handed,Attacker,Shakehand,1,0,0,1,57.72
612,TIMINA Elena,109429,NED,Female,1969.0,Inactive,Right-handed,Defender,Shakehand,0,1,0,1,54.62
613,MU Zi,111601,CHN,Female,1989.0,Active,Right-handed,Attacker,Shakehand,0,0,0,0,78.89
614,ZHOU Kai,117345,CHN,Male,1996.0,Active,Right-handed,Attacker,Shakehand,0,0,0,0,72.45
615,CASTILLO Lisi,119279,CUB,Female,1985.0,Active,Right-handed,Attacker,Shakehand,0,0,0,0,61.21
616,WEGRZYN Katarzyna,121041,POL,Female,2001.0,Active,Right-handed,Attacker,Shakehand,0,0,0,0,48.63
617,DE NODREST Leo,123305,FRA,Male,2000.0,Active,Left-handed,Attacker,Shakehand,1,0,0,1,55.91
618,BARDON Michal,100921,SVK,Male,1978.0,Active,Right-handed,Attacker,Shakehand,0,0,0,0,56.45
619,KUSINSKA Klaudia,104974,POL,Female,1993.0,Active,Right-handed,Attacker,Shakehand,0,0,0,0,50.36
620,TRAN Anthony,112077,SWE,Male,1993.0,Active,Right-handed,Attacker,Shakehand,0,0,0,0,58.33
621,BALINT Bernadett,114897,HUN,Female,1996.0,Active,Right-handed,Attacker,Shakehand,0,0,0,0,51.47
622,ZHOLUDEV Denis,117894,KAZ,Male,1993.0,Active,Right-handed,Attacker,Shakehand,0,0,0,0,44.03
623,LENNON Emmanuelle,118752,FRA,Female,1987.0,Active,Right-handed,Attacker,Shakehand,0,0,0,0,57.38
624,YOON Hyobin,119089,KOR,Female,1998.0,Active,Right-handed,Attacker,Shakehand,0,0,0,0,60.87
625,BOLLMEIER Nadine,101223,GER,Female,1981.0,Active,Right-handed,Attacker,Shakehand,0,0,0,0,62.73
626,COELLO Geovanny,101877,ECU,Male,1978.0,Active,Right-handed,Attacker,Shakehand,0,0,0,0,42.07
627,GUFRANOVA Rimma,103301,UZB,Female,1991.0,Active,Right-handed,Attacker,Penhold,0,0,1,1,47.59
628,AKPAN Cecilia,106868,NGR,Female,1986.0,Active,Right-handed,Attacker,Shakehand,0,0,0,0,52.27
629,WEN Jia,110074,CHN,Female,1989.0,Active,Left-handed,Attacker,Shakehand,1,0,0,1,79.31
630,ROBINSON Ashley,114035,IRL,Male,1993.0,Active,Right-handed,Attacker,Shakehand,0,0,0,0,40.35
631,BADOWSKI Marek,120154,POL,Male,1997.0,Active,Right-handed,Attacker,Shakehand,0,0,0,0,53.08
632,KULCZYCKI Samuel,121031,POL,Male,2002.0,Active,Right-handed,Attacker,Shakehand,0,0,0,0,54.33
633,GUISNEL Oceane,121688,FRA,Female,1998.0,Active,Right-handed,Attacker,Shakehand,0,0,0,0,50.74
634,AKERSTROM Fabian,100217,SWE,Male,1988.0,Active,Right-handed,Attacker,Shakehand,0,0,0,0,52.71
635,BARABANOV Kiryl,100900,BLR,Male,1993.0,Active,Right-handed,Attacker,Shakehand,0,0,0,0,34.69
636,FARLADANSKA Ganna,102679,UKR,Female,1988.0,Active,Left-handed,Attacker,Shakehand,1,0,0,1,53.13
637,TAZOE Kenta,113340,JPN,Male,1995.0,Active,Right-handed,Attacker,Shakehand,0,0,0,0,67.33
638,GOMMERS Rajko,114868,NED,Male,1995.0,Active,Left-handed,Attacker,Shakehand,1,0,0,1,49.28
639,LAM Yee Lok,116152,HKG,Female,1996.0,Active,Right-handed,Attacker,Shakehand,0,0,0,0,51.91
640,MARTINEZ Livan,121440,CUB,Male,1998.0,Active,Right-handed,Attacker,Shakehand,0,0,0,0,58.12
641,HODAEI Amir Hossein,131484,IRI,Male,1998.0,Active,Right-handed,Attacker,Shakehand,0,0,0,0,43.87
642,LIN Chia-Hui,105404,TPE,Female,1987.0,Active,Right-handed,Attacker,Shakehand,0,0,0,0,44.37
643,MERZLIKIN Taras,106062,RUS,Male,1991.0,Active,Right-handed,Attacker,Shakehand,0,0,0,0,47.52
644,RICHMOND Melveen,107868,PYF,Female,1988.0,Active,Right-handed,Attacker,Shakehand,0,0,0,0,70.53
645,GADIEV Vildan,112372,RUS,Male,1992.0,Active,Left-handed,Attacker,Shakehand,1,0,0,1,48.91
646,GAUTHIER Cathy,112617,NCL,Female,1980.0,Inactive,Right-handed,Attacker,Shakehand,0,0,0,0,73.63
647,REITSPIES David,114960,CZE,Male,1996.0,Active,Right-handed,Attacker,Shakehand,0,0,0,0,59.29
648,BELLO Fatimo,115379,NGR,Female,1997.0,Active,Left-handed,Attacker,Shakehand,1,0,0,1,68.37
649,WEGRZYN Anna,121040,POL,Female,2001.0,Active,Right-handed,Attacker,Shakehand,0,0,0,0,55.37
650,ZHAI Yujia,132816,CHN,Female,2002.0,Active,Right-handed,Attacker,Shakehand,0,0,0,0,65.69
651,HAUG Borgar,131211,NOR,Male,2002.0,Active,Left-handed,Attacker,Shakehand,1,0,0,1,48.2
652,CHEN Yuanyu,135050,CHN,Male,2005.0,Active,Right-handed,Attacker,Shakehand,0,0,0,0,69.07
653,ST LOUIS Dexter,108921,TTO,Male,1968.0,Active,Left-handed,Attacker,Shakehand,1,0,0,1,68.75
654,VILA Isaac,112125,DOM,Male,1996.0,Active,Right-handed,Attacker,Shakehand,0,0,0,0,48.89
655,KUCHUK Maryia,113611,BLR,Female,1994.0,Active,Right-handed,Attacker,Shakehand,0,0,0,0,41.51
656,LINDHOLM Eskil,114065,NOR,Male,1994.0,Active,Right-handed,Attacker,Shakehand,0,0,0,0,42.86
657,PFEFER Laura,114882,FRA,Female,1996.0,Active,Right-handed,Attacker,Shakehand,0,0,0,0,49.62
658,SHAMRUK Gleb,114976,BLR,Male,1996.0,Active,Right-handed,Attacker,Shakehand,0,0,0,0,32.67
659,HUANG Yan-Cheng,124572,TPE,Male,2003.0,Active,Right-handed,Attacker,Shakehand,0,0,0,0,52.38
660,NARANJO Angel,131446,PUR,Male,2004.0,Active,Right-handed,Attacker,Shakehand,0,0,0,0,48.89
661,CHRISTOFORAKI Maria,101805,GRE,Female,1989.0,Active,Right-handed,Attacker,Shakehand,0,0,0,0,42.48
662,PYSAR Dmytro,107606,UKR,Male,1989.0,Active,Right-handed,Attacker,Shakehand,0,0,0,0,58.04
663,RAMIRIOS Estefania,107702,ESA,Female,1990.0,Active,Right-handed,Attacker,Shakehand,0,0,0,0,51.59
664,LUO Anqi,112242,CAN,Female,1996.0,Active,Right-handed,Attacker,Shakehand,0,0,0,0,54.62
665,TAUBER Michael,112361,ISR,Male,1993.0,Active,Left-handed,Attacker,Shakehand,1,0,0,1,39.16
666,SONG Maeum,112369,KOR,Female,1992.0,Active,Right-handed,Attacker,Shakehand,0,0,0,0,59.63
667,MOSKOVITS Daniela,115007,SWE,Female,1993.0,Active,Right-handed,Attacker,Shakehand,0,0,0,0,39.88
668,ARAPOVIC Hana,132756,CRO,Female,2004.0,Active,Right-handed,Attacker,Shakehand,0,0,0,0,55.08
669,BURGOS Nicolas,133441,CHI,Male,2001.0,Active,Right-handed,Attacker,Shakehand,0,0,0,0,55.08
670,KEEN Trinko,104461,NED,Male,1971.0,Active,Left-handed,Attacker,Shakehand,1,0,0,1,54.24
671,LINGEVELDT Kurt,111960,RSA,Male,1991.0,Active,Right-handed,Attacker,Shakehand,0,0,0,0,52.46
672,TOMANOVSKA Katerina,114517,CZE,Female,1995.0,Active,Left-handed,Attacker,Shakehand,1,0,0,1,41.83
673,BERTRAND Irvin,119092,FRA,Male,2000.0,Active,Left-handed,Attacker,Shakehand,1,0,0,1,59.26
674,LORENZO Santiago,132793,ARG,Male,2001.0,Active,Right-handed,Attacker,Shakehand,0,0,0,0,56.64
675,LIU Weishan,133894,CHN,Female,1999.0,Active,Right-handed,Attacker,Shakehand,0,0,0,0,67.37
676,NEVES Ana,106641,POR,Female,1989.0,Active,Left-handed,Attacker,Shakehand,1,0,0,1,49.61
677,AMBRUS Krisztina,111212,HUN,Female,1992.0,Active,Right-handed,Attacker,Shakehand,0,0,0,0,50.4
678,YU Ziyang,119532,CHN,Male,1998.0,Active,Left-handed,Attacker,Shakehand,1,0,0,1,72.41
679,PENG Wang-Wei,119877,TPE,Male,1996.0,Active,Right-handed,Attacker,Shakehand,0,0,0,0,43.15
680,LUNG Lisa,120777,BEL,Female,1999.0,Active,Right-handed,Attacker,Shakehand,0,0,0,0,42.28
681,ORTIZ Yasiris,122482,DOM,Female,1997.0,Active,Right-handed,Attacker,Shakehand,0,0,0,0,46.67
682,SAWETTABUT Jinnipa,123894,THA,Female,2000.0,Active,Right-handed,Attacker,Shakehand,0,0,0,0,43.45
683,BAKULA Andrea,100859,CRO,Female,1981.0,Active,Left-handed,Attacker,Shakehand,1,0,0,1,47.69
684,COGILL Theo,101879,RSA,Male,1987.0,Active,Left-handed,Attacker,Shakehand,1,0,0,1,51.67
685,FERTIKOWSKI Pawel,102736,POL,Male,1990.0,Active,Left-handed,Attacker,Shakehand,1,0,0,1,53.45
686,LASAN Sas,105079,SLO,Male,1971.0,Active,Right-handed,Defender,Shakehand,0,1,0,1,50.0
687,LATT Katlin,105087,EST,Female,1985.0,Active,Right-handed,Attacker,Shakehand,0,0,0,0,58.49
688,KANTOLA Roope,108001,FIN,Male,1991.0,Active,Right-handed,Attacker,Shakehand,0,0,0,0,44.6
689,WALDNER Jan-Ove,200009,SWE,Male,1965.1,Inactive,Right-handed,Attacker,Shakehand,0,0,0,0,65.26
690,MCBEATH David,112284,ENG,Male,1992.0,Active,Right-handed,Attacker,Shakehand,0,0,0,0,45.93
691,CHEN Alexander,113914,AUT,Male,1993.0,Active,Right-handed,Attacker,Shakehand,0,0,0,0,36.69
692,HU Heming,114460,AUS,Male,1994.0,Active,Right-handed,Attacker,Shakehand,0,0,0,0,45.93
693,DOVAL Ilka,115043,NOR,Female,1998.0,Active,Right-handed,Attacker,Shakehand,0,0,0,0,44.6
694,NIKITCHANKA Alina,118856,BLR,Female,1997.0,Active,Right-handed,Defender,Shakehand,0,1,0,1,43.06
695,SCHREINER Franziska,131086,GER,Female,2001.0,Active,Right-handed,Attacker,Shakehand,0,0,0,0,51.24
696,CHOI Moonyoung,101770,KOR,Female,1986.0,Active,Right-handed,Defender,Shakehand,0,1,0,1,64.21
697,FENG Yalan,102714,CHN,Female,1990.0,Active,Right-handed,Attacker,Shakehand,0,0,0,0,80.26
698,ILLAS Erik,103875,SVK,Male,1980.0,Active,Right-handed,Attacker,Shakehand,0,0,0,0,53.04
699,OVERSJO Mattias,107026,SWE,Male,1991.0,Active,Right-handed,Attacker,Shakehand,0,0,0,0,56.48
700,SAIDANI Safa,108158,TUN,Female,1990.0,Active,Right-handed,Defender,Shakehand,0,1,0,1,55.45
701,AVI-TAL Omer,111509,PAN,Male,1994.0,Active,Right-handed,Attacker,Shakehand,0,0,0,0,48.41
702,HRISTONOV Hristo,115541,CYP,Male,1997.0,Active,Left-handed,Attacker,Shakehand,1,0,0,1,54.95
703,LAVROVA Anastassiya,117891,KAZ,Female,1995.0,Active,Right-handed,Attacker,Shakehand,0,0,0,0,40.67
704,SUN Chia-Hung,119873,TPE,Male,1996.0,Active,Left-handed,Attacker,Shakehand,1,0,0,1,45.86
705,YEE Grace Rosi,123938,FIJ,Female,2002.0,Active,Right-handed,Attacker,Shakehand,0,0,0,0,45.52
706,OJIO Haruna,135179,JPN,Female,2005.0,Active,Right-handed,Defender,Shakehand,0,1,0,1,70.11
707,SAHASRABUDHE Pooja,108151,IND,Female,1991.0,Active,Right-handed,Attacker,Shakehand,0,0,0,0,44.12
708,SAKAI Haruka,110756,JPN,Female,1991.0,Active,Right-handed,Attacker,Shakehand,0,0,0,0,56.6
709,YIGENLER Abdullah,119585,TUR,Male,1999.0,Active,Right-handed,Attacker,Shakehand,0,0,0,0,39.22
710,ALHODABY Mariam,120726,EGY,Female,2000.0,Active,Right-handed,Attacker,Shakehand,0,0,0,0,63.16
711,CARVALHO Diogo,101514,POR,Male,1992.0,Active,Right-handed,Attacker,Shakehand,0,0,0,0,55.14
712,HIRICI Cristina,103613,ROU,Female,1992.0,Active,Left-handed,Attacker,Shakehand,1,0,0,1,52.21
713,KIM Olga,113403,UZB,Female,1994.0,Active,Right-handed,Attacker,Shakehand,0,0,0,0,49.17
714,HAIQAL Muhamad Ashraf,115874,MAS,Male,1994.0,Active,Right-handed,Attacker,Shakehand,0,0,0,0,48.76
715,VILCHEZ Miguel,116213,ESP,Male,1996.0,Active,Right-handed,Attacker,Shakehand,0,0,0,0,44.7
716,DIAZ Luis,102231,VEN,Male,1986.0,Active,Right-handed,Attacker,Shakehand,0,0,0,0,50.43
717,SIRUCKOVA Aneta,104923,CZE,Female,1991.0,Active,Right-handed,Attacker,Shakehand,0,0,0,0,38.41
718,LIU Guozheng,200004,CHN,Male,1980.3,Inactive,Right-handed,Attacker,Shakehand,0,0,0,0,74.36
719,SHIONO Masato,108604,JPN,Male,1986.0,Active,Right-handed,Defender,Shakehand,0,1,0,1,65.91
720,URIBE Salvador,109661,MEX,Male,1990.0,Active,Right-handed,Attacker,Shakehand,0,0,0,0,40.85
721,TROSMAN Nicole,114039,ISR,Female,1996.0,Active,Right-handed,Attacker,Shakehand,0,0,0,0,47.15
722,WANG Yi-Ju,116160,TPE,Female,1994.0,Active,Right-handed,Attacker,Shakehand,0,0,0,0,47.93
723,BRITTON Shemar,122503,GUY,Male,1998.0,Active,Left-handed,Attacker,Shakehand,1,0,0,1,50.43
724,MEISSNER Cedric,133455,GER,Male,2000.0,Active,Left-handed,Attacker,Shakehand,1,0,0,1,48.74
725,YUAN Licen,133848,CHN,Male,2000.0,Active,Right-handed,Attacker,Shakehand,0,0,0,0,64.44
726,REDZIMSKI Milosz,135019,POL,Male,2006.0,Active,Right-handed,Attacker,Shakehand,0,0,0,0,63.04
727,MATSUSHIMA Sora,135996,JPN,Male,2007.0,Active,Left-handed,Attacker,Shakehand,1,0,0,1,59.79
728,BLAS Bryan,101168,PER,Male,1989.0,Active,Right-handed,Attacker,Shakehand,0,0,0,0,45.24
729,PARK Seonghye,107164,KOR,Female,1986.0,Active,Left-handed,Attacker,Shakehand,1,0,0,1,59.38
730,SABITOVA Valentina,108117,RUS,Female,1990.0,Active,Right-handed,Attacker,Shakehand,0,0,0,0,62.64
731,MARTINEZ Jeison,111498,CRC,Male,1992.0,Active,Right-handed,Attacker,Shakehand,0,0,0,0,38.26
732,PETIOT Jeremy,112338,FRA,Male,1990.0,Active,Right-handed,Attacker,Shakehand,0,0,0,0,57.58
733,BOURIAH Larbi,114202,ALG,Male,1983.0,Active,Right-handed,Attacker,Shakehand,0,0,0,0,47.9
734,YANG Heng-Wei,119566,TPE,Male,1997.0,Active,Right-handed,Attacker,Shakehand,0,0,0,0,52.78
735,CASTRO Esmerlyn,122538,DOM,Female,2001.0,Active,Right-handed,Attacker,Shakehand,0,0,0,0,46.34
736,LUTZ Camille,123550,FRA,Female,2002.0,Active,Right-handed,Attacker,Shakehand,0,0,0,0,47.9
737,SIDORENKO Vladimir,124576,RUS,Male,2002.0,Active,Left-handed,Attacker,Shakehand,1,0,0,1,55.34
738,STUMPER Kay,132022,GER,Male,2002.0,Active,Right-handed,Attacker,Shakehand,0,0,0,0,55.88
739,AL-MOHANNADI Ahmad Khalil,137380,QAT,Male,1988.0,Active,Right-handed,Attacker,Shakehand,0,0,0,0,38.51
740,ERMAKOVA Irina,102585,RUS,Female,1979.0,Active,Left-handed,Attacker,Shakehand,1,0,0,1,45.16
741,TOMAZINI Jana,109476,SLO,Female,1986.0,Active,Right-handed,Attacker,Shakehand,0,0,0,0,45.9
742,HIRANO Yuki,110727,JPN,Male,1992.0,Active,Right-handed,Attacker,Shakehand,0,0,0,0,65.88
743,NAGYVARADI Mercedes,113363,HUN,Female,1994.0,Active,Right-handed,Attacker,Shakehand,0,0,0,0,40.29
744,VALUCH Alexander,115100,SVK,Male,1996.0,Active,Right-handed,Attacker,Shakehand,0,0,0,0,37.58
745,SAKAI Asuka,115680,JPN,Male,1996.0,Active,Right-handed,Attacker,Shakehand,0,0,0,0,53.33
746,SUN Wen,137733,CHN,Male,1997.0,Active,Right-handed,Attacker,Shakehand,0,0,0,0,68.29
747,AJETUNMOBI Seun,100210,NGR,Male,1985.0,Inactive,Right-handed,Attacker,Shakehand,0,0,0,0,68.75
748,CHAN YOOK FO Brian,102789,MRI,Male,1989.0,Active,Right-handed,Attacker,Shakehand,0,0,0,0,57.29
749,LO Dany,105513,FRA,Male,1984.0,Inactive,Right-handed,Attacker,Shakehand,0,0,0,0,51.4
750,KNEZEVIC Monika,106271,SRB,Female,1990.0,Active,Right-handed,Attacker,Shakehand,0,0,0,0,46.22
751,PINO Jonathan,107434,VEN,Male,1986.0,Active,Right-handed,Attacker,Shakehand,0,0,0,0,51.89
752,QIU Yike,200013,CHN,Male,1985.1,Inactive,Right-handed,Attacker,Shakehand,0,0,0,0,78.57
753,VALDEZ Johenny,109707,DOM,Female,1986.0,Active,Right-handed,Defender,Shakehand,0,1,0,1,45.45
754,WANG Jianfeng,109967,NOR,Male,1966.0,Inactive,Right-handed,Attacker,Penhold,0,0,1,1,59.78
755,SAMET Maryam,112633,IRI,Female,1989.0,Active,Right-handed,Attacker,Shakehand,0,0,0,0,52.88
756,COLANTONI Chiara,114893,ITA,Female,1994.0,Active,Right-handed,Attacker,Shakehand,0,0,0,0,36.67
757,KHETKHUAN Tamolwan,115565,THA,Female,1997.0,Active,Right-handed,Attacker,Shakehand,0,0,0,0,48.25
758,ARIAS Emme,116763,ESA,Female,1998.0,Active,Right-handed,Attacker,Shakehand,0,0,0,0,41.04
759,ROY Krittwika,117035,IND,Female,1994.0,Active,Right-handed,Attacker,Shakehand,0,0,0,0,50.0
760,MATSUYAMA Yuki,118886,JPN,Male,1998.0,Active,Right-handed,Attacker,Shakehand,0,0,0,0,61.11
761,TAKAHASHI Giulia,133478,BRA,Female,2005.0,Active,Right-handed,Attacker,Shakehand,0,0,0,0,53.92
762,GUTIERREZ Allan,103329,GUA,Male,1992.0,Active,Right-handed,Attacker,Shakehand,0,0,0,0,52.94
763,JUZBASIC Ivan,104266,CRO,Male,1980.0,Active,Right-handed,Attacker,Shakehand,0,0,0,0,51.43
764,NECULA Iulia,106618,ROU,Female,1986.0,Active,Right-handed,Attacker,Shakehand,0,0,0,0,51.43
765,NILSEN Marthe,106736,NOR,Female,1990.0,Inactive,Right-handed,Attacker,Shakehand,0,0,0,0,48.21
766,SLADKOVA Nataliya,106850,KAZ,Female,1986.0,Active,Right-handed,Attacker,Shakehand,0,0,0,0,51.43
767,QURESHI Asim,107635,PAK,Male,1966.0,Active,Right-handed,Attacker,Shakehand,0,0,0,0,46.96
768,LI Carolyn,112591,FIJ,Female,1994.0,Active,Right-handed,Attacker,Shakehand,0,0,0,0,35.76
769,ONAOLAPO Ojo,113478,NGR,Male,1994.0,Active,Left-handed,Attacker,Shakehand,1,0,0,1,64.29
770,IWASA Agustina,115128,ARG,Female,1994.0,Active,Right-handed,Attacker,Shakehand,0,0,0,0,34.18
771,TSAPTSINOS Maria,120051,ENG,Female,1997.0,Active,Right-handed,Attacker,Shakehand,0,0,0,0,46.15
772,KNIGHT Tyrese,121740,BAR,Male,1999.0,Active,Right-handed,Defender,Shakehand,0,1,0,1,46.55
773,LEVAJAC Dimitrije,123192,SRB,Male,2001.0,Active,Right-handed,Attacker,Shakehand,0,0,0,0,42.52
774,BARCENAS Clio,131618,MEX,Female,2002.0,Active,Right-handed,Attacker,Shakehand,0,0,0,0,59.34
775,YILMAZ Ozge,133026,TUR,Female,2002.0,Active,Left-handed,Attacker,Shakehand,1,0,0,1,36.73
776,CALVO Allan,101454,CRC,Male,1982.0,Active,Left-handed,Attacker,Shakehand,1,0,0,1,44.54
777,NAGY Krisztian,106542,HUN,Male,1989.0,Active,Right-handed,Attacker,Shakehand,0,0,0,0,46.49
778,THERIEN Xavier,109389,CAN,Male,1978.0,Active,Right-handed,Attacker,Shakehand,0,0,0,0,49.07
779,AASEBO Marte,110761,NOR,Female,1990.0,Active,Right-handed,Attacker,Shakehand,0,0,0,0,33.33
780,BERGLUND Simon,115063,SWE,Male,1997.0,Active,Left-handed,Attacker,Shakehand,1,0,0,1,61.63
781,LIN Chia-Hsuan,118168,TPE,Female,1997.0,Active,Right-handed,Attacker,Shakehand,0,0,0,0,51.96
782,SCHMID Elia,119260,SUI,Male,1996.0,Active,Right-handed,Attacker,Shakehand,0,0,0,0,48.62
783,RYUZAKI Tonin,119543,JPN,Male,1998.0,Active,Right-handed,Attacker,Shakehand,0,0,0,0,63.86
784,BOGDANOVA Nadezhda,120560,BLR,Female,2000.0,Active,Right-handed,Attacker,Shakehand,0,0,0,0,38.13
785,URSU Vladislav,122320,MDA,Male,2001.0,Active,Left-handed,Attacker,Shakehand,1,0,0,1,62.35
786,HURSEY Anna,131480,WAL,Female,2006.0,Active,Right-handed,Attacker,Shakehand,0,0,0,0,56.38
787,ZENG Beixun,135919,CHN,Male,2003.0,Active,Right-handed,Attacker,Shakehand,0,0,0,0,65.43
788,WANG Xiaotong,136539,CHN,Female,2000.0,Active,Right-handed,Attacker,Shakehand,0,0,0,0,75.71
789,HEISTER Danny,103534,NED,Male,1971.0,Active,Left-handed,Attacker,Shakehand,1,0,0,1,54.74
790,MUNOZ Guillermo,106478,MEX,Male,1964.0,Active,Right-handed,Attacker,Shakehand,0,0,0,0,42.98
791,MUNOZ Guillermo,114918,HON,Male,1996.0,Active,Right-handed,Attacker,Shakehand,0,0,0,0,42.98
792,RI Mi Gyong,107843,PRK,Female,1990.0,Active,Left-handed,Attacker,Shakehand,1,0,0,1,59.09
793,PFEFFER Simon,113916,AUT,Male,1994.0,Active,Right-handed,Attacker,Shakehand,0,0,0,0,41.6
794,PICARD Vincent,121690,FRA,Male,2001.0,Active,Right-handed,Attacker,Shakehand,0,0,0,0,50.49
795,OJOMU Ajoke,122660,NGR,Female,1999.0,Active,Right-handed,Attacker,Shakehand,0,0,0,0,63.41
796,CHIEN Tung-Chuan,124165,TPE,Female,2002.0,Active,Left-handed,Attacker,Shakehand,1,0,0,1,57.14
797,RAKOTOARIMANANA Fabio,133367,FRA,Male,2003.0,Active,Right-handed,Attacker,Shakehand,0,0,0,0,69.33
798,ESSID Wassim,136170,TUN,Male,2008.0,Active,Right-handed,Attacker,Shakehand,0,0,0,0,72.22
799,OYA Hidetoshi,107043,JPN,Male,1988.0,Active,Right-handed,Attacker,Shakehand,0,0,0,0,57.3
800,REDJEP Ronald,107769,CRO,Male,1973.0,Active,Left-handed,Attacker,Shakehand,1,0,0,1,53.68
801,GONZALEZ Roxy,112144,VEN,Female,1992.0,Active,Left-handed,Attacker,Shakehand,1,0,0,1,44.74
802,LI Hon Ming,115548,HKG,Male,1996.0,Active,Right-handed,Attacker,Shakehand,0,0,0,0,38.93
803,AKASHEVA Zauresh,123228,KAZ,Female,2000.0,Active,Right-handed,Attacker,Shakehand,0,0,0,0,37.5
804,KATSMAN Lev,123282,RUS,Male,2001.0,Active,Left-handed,Attacker,Shakehand,1,0,0,1,63.75
805,CHA Hyo Sim,132251,PRK,Female,1994.0,Active,Left-handed,Attacker,Shakehand,1,0,0,1,61.45
806,SASAO Asuka,134790,JPN,Female,1999.0,Active,Right-handed,Attacker,Shakehand,0,0,0,0,63.75
807,YOKOI Sakura,135935,JPN,Female,2004.0,Active,Right-handed,Attacker,Shakehand,0,0,0,0,75.0
808,BALL Matthew,100877,NZL,Male,1989.0,Active,Right-handed,Attacker,Shakehand,0,0,0,0,49.5
809,CAZACU Alexandru,101545,ROU,Male,1988.0,Active,Right-handed,Attacker,Shakehand,0,0,0,0,43.86
810,YUEN Sara,110439,CAN,Female,1987.0,Active,Right-handed,Attacker,Shakehand,0,0,0,0,42.02
811,INDEHERBERG Julien,111015,BEL,Male,1993.0,Active,Left-handed,Attacker,Shakehand,1,0,0,1,42.37
812,NONAKA Yuki,111823,JPN,Female,1985.0,Active,Right-handed,Defender,Shakehand,0,1,0,1,63.29
813,SANTOSO Ficky,112040,INA,Male,1990.0,Active,Right-handed,Attacker,Shakehand,0,0,0,0,50.0
814,HICKS Hannah,112424,ENG,Female,1991.0,Active,Right-handed,Defender,Shakehand,0,1,0,1,42.37
815,ZHANG Qiang,115902,CHN,Female,1994.0,Active,Right-handed,Attacker,Penhold,0,0,1,1,72.46
816,HAZIN Jeremy,117604,CAN,Male,2000.0,Active,Left-handed,Attacker,Shakehand,1,0,0,1,41.67
817,PUTUNTICA Andrei,117865,MDA,Male,1999.0,Active,Left-handed,Attacker,Shakehand,1,0,0,1,47.17
818,TSUBOI Yuma,120851,JPN,Male,1997.0,Active,Left-handed,Attacker,Shakehand,1,0,0,1,62.5
819,SURAVAJJULA Snehit,123680,IND,Male,2000.0,Active,Right-handed,Attacker,Shakehand,0,0,0,0,51.55
